transaction_date,device_id,start_kwh,end_kwh,kwh,onpeak_kwh,offpeak_kwh,holiday_kwh,ex_onpeak_kwh,ex_offpeak_kwh,ex_holiday_kwh,update_date,start_date,end_date
,,,,,,,,,,,,,
6/29/2025,6,6353494.255,6357370.88,3876.625,0,0,3876.625,0,0,0,00:00.0,00:00.0,00:00.0
6/28/2025,6,6349398.198,6353494.255,4096.057,0,0,4096.057,0,0,0,00:00.0,00:00.0,00:00.0
6/27/2025,6,6344218.581,6349398.198,5179.617,4488.467,691.15,0,0,0,0,00:00.0,00:00.0,00:00.0
6/26/2025,6,6339312.585,6344218.581,4905.997,4245.672,660.325,0,0,0,0,00:00.0,00:00.0,00:00.0
6/25/2025,6,6334815.23,6339312.585,4497.354,3889.843,607.511,0,0,0,0,00:00.0,00:00.0,00:00.0
6/24/2025,6,6330541.414,6334815.23,4273.816,3736.55,537.266,0,0,0,0,00:00.0,00:00.0,00:00.0
6/23/2025,6,6326489.613,6330541.414,4051.8,3501.494,550.306,0,0,0,0,00:00.0,00:00.0,00:00.0
6/22/2025,6,6322307.111,6326489.613,4182.502,0,0,4182.502,0,0,0,00:00.0,00:00.0,00:00.0
6/21/2025,6,6318001.435,6322307.111,4305.676,0,0,4305.676,0,0,0,00:00.0,00:00.0,00:00.0
6/20/2025,6,6314344.594,6318001.435,3656.841,2949.184,707.657,0,0,0,0,00:00.0,00:00.0,00:00.0
6/19/2025,6,6310561.26,6314344.594,3783.334,3111.934,671.4,0,0,0,0,00:00.0,00:00.0,00:00.0
6/18/2025,6,6307810.388,6310561.26,2750.871,2266.631,484.24,0,0,0,0,00:00.0,00:00.0,00:00.0
6/17/2025,6,6304614.063,6307810.388,3196.326,2700.639,495.687,0,0,0,0,00:00.0,00:00.0,00:00.0
6/16/2025,6,6300884.205,6304614.063,3729.857,3146.11,583.747,0,0,0,0,00:00.0,00:00.0,00:00.0
6/15/2025,6,6296334.848,6300884.205,4549.357,0,0,4549.357,0,0,0,00:00.0,00:00.0,00:00.0
6/14/2025,6,6294913.024,6296334.848,1421.824,0,0,1421.824,0,0,0,00:00.0,00:00.0,00:00.0
6/13/2025,6,6292425.216,6294913.024,2487.808,2152.96,334.848,0,0,0,0,00:00.0,00:00.0,00:00.0
6/12/2025,6,6289359.36,6292425.216,3065.856,2558.464,507.392,0,0,0,0,00:00.0,00:00.0,00:00.0
6/11/2025,6,6286471.168,6289359.36,2888.192,2330.624,557.568,0,0,0,0,00:00.0,00:00.0,00:00.0
6/10/2025,6,6282304.512,6286471.168,4166.656,3665.408,501.248,0,0,0,0,00:00.0,00:00.0,00:00.0
6/9/2025,6,6278181.888,6282304.512,4122.624,3433.984,688.64,0,0,0,0,00:00.0,00:00.0,00:00.0
6/8/2025,6,6273787.392,6278181.888,4394.496,0,0,4394.496,0,0,0,00:00.0,00:00.0,00:00.0
6/7/2025,6,6268749.824,6273787.392,5037.568,0,0,5037.568,0,0,0,00:00.0,00:00.0,00:00.0
6/6/2025,6,6264841.728,6268749.824,3908.096,3452.928,455.168,0,0,0,0,00:00.0,00:00.0,00:00.0
6/5/2025,6,6260536.832,6264841.728,4304.896,3613.696,691.2,0,0,0,0,00:00.0,00:00.0,00:00.0
6/4/2025,6,6255452.16,6260536.832,5084.672,4393.472,536.064,0,0,0,0,00:00.0,00:00.0,00:00.0
6/3/2025,6,6252866.048,6255452.16,2586.112,0,0,2586.112,0,0,0,00:00.0,00:00.0,00:00.0
6/2/2025,6,6248484.864,6252866.048,4381.184,3872.768,508.416,0,0,0,0,00:00.0,00:00.0,00:00.0
6/1/2025,6,6244640.768,6248484.864,3844.096,0,0,3844.096,0,0,0,00:00.0,00:00.0,00:00.0
5/31/2025,6,6241462.272,6244640.768,3178.496,0,0,3178.496,0,0,0,00:00.0,00:00.0,00:00.0
5/30/2025,6,6237870.592,6241462.272,3591.68,3201.536,390.144,0,0,0,0,00:00.0,00:00.0,00:00.0
5/29/2025,6,6234345.984,6237870.592,3524.608,3146.24,378.368,0,0,0,0,00:00.0,00:00.0,00:00.0
5/28/2025,6,6229996.032,6234345.984,4349.952,3915.264,434.688,0,0,0,0,00:00.0,00:00.0,00:00.0
5/27/2025,6,6225814.016,6229996.032,4182.016,3617.792,564.224,0,0,0,0,00:00.0,00:00.0,00:00.0
5/26/2025,6,6222990.336,6225814.016,2823.68,2204.672,619.008,0,0,0,0,00:00.0,00:00.0,00:00.0
5/25/2025,6,6219789.312,6222990.336,3201.024,0,0,3201.024,0,0,0,00:00.0,00:00.0,00:00.0
5/24/2025,6,6216954.368,6219789.312,2834.944,0,0,2834.944,0,0,0,00:00.0,00:00.0,00:00.0
5/23/2025,6,6212800.512,6216954.368,4153.856,3685.376,468.48,0,0,0,0,00:00.0,00:00.0,00:00.0
5/22/2025,6,6208310.272,6212800.512,4490.24,3887.104,603.136,0,0,0,0,00:00.0,00:00.0,00:00.0
5/21/2025,6,6206801.92,6208310.272,1508.352,1171.968,336.384,0,0,0,0,00:00.0,00:00.0,00:00.0
5/20/2025,6,6202843.648,6206801.92,3958.272,3319.296,638.976,0,0,0,0,00:00.0,00:00.0,00:00.0
5/19/2025,6,6199197.696,6202843.648,3645.952,3091.456,554.496,0,0,0,0,00:00.0,00:00.0,00:00.0
5/18/2025,6,6194575.872,6199197.696,4621.824,0,0,4621.824,0,0,0,00:00.0,00:00.0,00:00.0
5/17/2025,6,6191297.024,6194575.872,3278.848,0,0,3278.848,0,0,0,00:00.0,00:00.0,00:00.0
5/16/2025,6,6187852.288,6191297.024,3444.736,2917.376,527.36,0,0,0,0,00:00.0,00:00.0,00:00.0
5/15/2025,6,6183840.768,6187852.288,4011.52,3238.912,772.608,0,0,0,0,00:00.0,00:00.0,00:00.0
5/14/2025,6,6180091.392,6183840.768,3749.376,3072,677.376,0,0,0,0,00:00.0,00:00.0,00:00.0
5/13/2025,6,6177160.192,6180091.392,2931.2,2667.008,264.192,0,0,0,0,00:00.0,00:00.0,00:00.0
5/12/2025,6,6172874.24,6177160.192,4285.952,3960.32,325.632,0,0,0,0,00:00.0,00:00.0,00:00.0
5/11/2025,6,6168666.112,6172874.24,4208.128,0,0,4208.128,0,0,0,00:00.0,00:00.0,00:00.0
5/10/2025,6,6166509.056,6168666.112,2157.056,0,0,2157.056,0,0,0,00:00.0,00:00.0,00:00.0
5/9/2025,6,6161903.616,6166509.056,4605.44,3944.448,660.992,0,0,0,0,00:00.0,00:00.0,00:00.0
5/8/2025,6,6157300.736,6161903.616,4602.88,3884.544,718.336,0,0,0,0,00:00.0,00:00.0,00:00.0
5/7/2025,6,6153236.992,6157300.736,4063.744,3536.896,526.848,0,0,0,0,00:00.0,00:00.0,00:00.0
5/6/2025,6,6149341.696,6153236.992,3895.296,3309.056,586.24,0,0,0,0,00:00.0,00:00.0,00:00.0
5/5/2025,6,6145563.648,6149341.696,3778.048,3237.376,540.672,0,0,0,0,00:00.0,00:00.0,00:00.0
5/4/2025,6,6141907.968,6145563.648,3655.68,0,0,3655.68,0,0,0,00:00.0,00:00.0,00:00.0
5/3/2025,6,6139566.592,6141907.968,2341.376,0,0,2341.376,0,0,0,00:00.0,00:00.0,00:00.0
5/2/2025,6,6136232.96,6139566.592,3333.632,2686.976,646.656,0,0,0,0,00:00.0,00:00.0,00:00.0
5/1/2025,6,6131770.88,6136232.96,4462.08,0,0,4462.08,0,0,0,00:00.0,00:00.0,00:00.0
4/30/2025,6,6127139.84,6131770.88,4631.04,3931.136,699.904,0,0,0,0,00:00.0,00:00.0,00:00.0
4/29/2025,6,6122060.8,6127139.84,5079.04,4464.64,614.4,0,0,0,0,00:00.0,00:00.0,00:00.0
4/28/2025,6,6119008.768,6122060.8,3052.032,2523.136,528.896,0,0,0,0,00:00.0,00:00.0,00:00.0
4/27/2025,6,6114636.288,6119008.768,4372.48,0,0,4372.48,0,0,0,00:00.0,00:00.0,00:00.0
4/26/2025,6,6109579.264,6114636.288,5057.024,0,0,5057.024,0,0,0,00:00.0,00:00.0,00:00.0
4/25/2025,6,6104900.096,6109579.264,4679.168,4030.976,648.192,0,0,0,0,00:00.0,00:00.0,00:00.0
4/24/2025,6,6099553.792,6104900.096,5346.304,4641.792,704.512,0,0,0,0,00:00.0,00:00.0,00:00.0
4/23/2025,6,6094680.064,6099553.792,4873.728,4204.544,669.184,0,0,0,0,00:00.0,00:00.0,00:00.0
4/22/2025,6,6089553.92,6094680.064,5126.144,4494.848,631.296,0,0,0,0,00:00.0,00:00.0,00:00.0
4/21/2025,6,6084699.648,6089553.92,4854.272,4217.856,636.416,0,0,0,0,00:00.0,00:00.0,00:00.0
4/20/2025,6,6079290.88,6084699.648,5408.768,0,0,5408.768,0,0,0,00:00.0,00:00.0,00:00.0
4/19/2025,6,6073836.032,6079290.88,5454.848,0,0,5454.848,0,0,0,00:00.0,00:00.0,00:00.0
4/18/2025,6,6068357.12,6073836.032,5478.912,4814.336,664.576,0,0,0,0,00:00.0,00:00.0,00:00.0
4/17/2025,6,6063292.928,6068357.12,5064.192,4593.152,471.04,0,0,0,0,00:00.0,00:00.0,00:00.0
4/16/2025,6,6058822.656,6063292.928,4470.272,3966.464,503.808,0,0,0,0,00:00.0,00:00.0,00:00.0
4/15/2025,6,6055340.544,6058822.656,3482.112,0,0,3482.112,0,0,0,00:00.0,00:00.0,00:00.0
4/14/2025,6,6052815.872,6055340.544,2524.672,0,0,2524.672,0,0,0,00:00.0,00:00.0,00:00.0
4/13/2025,6,6049729.536,6052815.872,3086.336,0,0,3086.336,0,0,0,00:00.0,00:00.0,00:00.0
4/12/2025,6,6045602.304,6049729.536,4127.232,0,0,4127.232,0,0,0,00:00.0,00:00.0,00:00.0
4/11/2025,6,6041391.104,6045602.304,4211.2,3810.304,400.896,0,0,0,0,00:00.0,00:00.0,00:00.0
4/10/2025,6,6036772.864,6041391.104,4618.24,4272.128,346.112,0,0,0,0,00:00.0,00:00.0,00:00.0
4/9/2025,6,6032569.856,6036772.864,4203.008,3716.096,486.912,0,0,0,0,00:00.0,00:00.0,00:00.0
4/8/2025,6,6028635.648,6032569.856,3934.208,3474.944,459.264,0,0,0,0,00:00.0,00:00.0,00:00.0
4/7/2025,6,6024927.232,6028635.648,3708.416,3301.888,406.528,0,0,0,0,00:00.0,00:00.0,00:00.0
4/6/2025,6,6020112.896,6024927.232,4814.336,0,0,4814.336,0,0,0,00:00.0,00:00.0,00:00.0
4/5/2025,6,6015187.968,6020112.896,4924.928,0,0,4924.928,0,0,0,00:00.0,00:00.0,00:00.0
4/4/2025,6,6011303.936,6015187.968,3884.032,3459.072,424.96,0,0,0,0,00:00.0,00:00.0,00:00.0
4/3/2025,6,6007999.488,6011303.936,3304.448,2954.24,350.208,0,0,0,0,00:00.0,00:00.0,00:00.0
4/2/2025,6,6003778.048,6007999.488,4221.44,3745.792,475.648,0,0,0,0,00:00.0,00:00.0,00:00.0
4/1/2025,6,5999521.28,6003778.048,4256.768,3952.128,304.64,0,0,0,0,00:00.0,00:00.0,00:00.0
3/31/2025,6,5996674.048,5999521.28,2847.232,2511.36,335.872,0,0,0,0,00:00.0,00:00.0,00:00.0
3/30/2025,6,5994736.64,5996674.048,1937.408,0,0,1937.408,0,0,0,00:00.0,00:00.0,00:00.0
3/29/2025,6,5990120.96,5994736.64,4615.68,0,0,4615.68,0,0,0,00:00.0,00:00.0,00:00.0
3/28/2025,6,5985331.712,5990120.96,4789.248,4295.168,494.08,0,0,0,0,00:00.0,00:00.0,00:00.0
3/27/2025,6,5980710.4,5985331.712,4621.312,4166.144,455.168,0,0,0,0,00:00.0,00:00.0,00:00.0
3/26/2025,6,5976302.08,5980710.4,4408.32,3997.184,411.136,0,0,0,0,00:00.0,00:00.0,00:00.0
3/25/2025,6,5972010.496,5976302.08,4291.584,3891.2,400.384,0,0,0,0,00:00.0,00:00.0,00:00.0
3/24/2025,6,5967764.48,5972010.496,4246.016,3837.952,408.064,0,0,0,0,00:00.0,00:00.0,00:00.0
3/23/2025,6,5963264,5967764.48,4500.48,0,0,4500.48,0,0,0,00:00.0,00:00.0,00:00.0
3/22/2025,6,5958577.664,5963264,4686.336,0,0,4686.336,0,0,0,00:00.0,00:00.0,00:00.0
3/21/2025,6,5955002.88,5958577.664,3574.784,3224.576,350.208,0,0,0,0,00:00.0,00:00.0,00:00.0
3/20/2025,6,5950637.568,5955002.88,4365.312,3906.56,458.752,0,0,0,0,00:00.0,00:00.0,00:00.0
3/19/2025,6,5945924.608,5950637.568,4712.96,4294.656,418.304,0,0,0,0,00:00.0,00:00.0,00:00.0
3/18/2025,6,5941402.112,5945924.608,4522.496,4074.496,448,0,0,0,0,00:00.0,00:00.0,00:00.0
3/17/2025,6,5937590.272,5941402.112,3811.84,3373.568,438.272,0,0,0,0,00:00.0,00:00.0,00:00.0
3/16/2025,6,5934231.552,5937590.272,3358.72,0,0,3358.72,0,0,0,00:00.0,00:00.0,00:00.0
3/15/2025,6,5929552.384,5934231.552,4679.168,0,0,4679.168,0,0,0,00:00.0,00:00.0,00:00.0
3/14/2025,6,5924821.504,5929552.384,4730.88,4244.48,486.4,0,0,0,0,00:00.0,00:00.0,00:00.0
3/13/2025,6,5921366.528,5924821.504,3454.976,3048.96,406.016,0,0,0,0,00:00.0,00:00.0,00:00.0
3/12/2025,6,5916757.504,5921366.528,4609.024,4209.664,399.36,0,0,0,0,00:00.0,00:00.0,00:00.0
3/11/2025,6,5913077.248,5916757.504,3680.256,3264,416.256,0,0,0,0,00:00.0,00:00.0,00:00.0
3/10/2025,6,5908754.432,5913077.248,4322.816,3895.808,427.008,0,0,0,0,00:00.0,00:00.0,00:00.0
3/9/2025,6,5904769.024,5908754.432,3985.408,0,0,3985.408,0,0,0,00:00.0,00:00.0,00:00.0
3/8/2025,6,5902505.984,5904769.024,2263.04,0,0,2263.04,0,0,0,00:00.0,00:00.0,00:00.0
3/7/2025,6,5900865.024,5902505.984,1640.96,1421.312,219.648,0,0,0,0,00:00.0,00:00.0,00:00.0
3/6/2025,6,5896251.904,5900865.024,4613.12,4218.88,394.24,0,0,0,0,00:00.0,00:00.0,00:00.0
3/5/2025,6,5891595.776,5896251.904,4656.128,4232.704,423.424,0,0,0,0,00:00.0,00:00.0,00:00.0
3/4/2025,6,5886980.608,5891595.776,4615.168,4203.008,412.16,0,0,0,0,00:00.0,00:00.0,00:00.0
3/3/2025,6,5882497.536,5886980.608,4483.072,4105.216,377.856,0,0,0,0,00:00.0,00:00.0,00:00.0
3/2/2025,6,5878006.272,5882497.536,4491.264,0,0,4491.264,0,0,0,00:00.0,00:00.0,00:00.0
3/1/2025,6,5873630.208,5878006.272,4376.064,0,0,4376.064,0,0,0,00:00.0,00:00.0,00:00.0
2/28/2025,6,5869568,5873630.208,4062.208,3684.352,377.856,0,0,0,0,00:00.0,00:00.0,00:00.0
2/27/2025,6,5865357.824,5869568,4210.176,3820.544,389.632,0,0,0,0,00:00.0,00:00.0,00:00.0
2/26/2025,6,5861277.184,5865357.824,4080.64,3720.704,359.936,0,0,0,0,00:00.0,00:00.0,00:00.0
2/25/2025,6,5858567.68,5861277.184,2709.504,2526.72,182.784,0,0,0,0,00:00.0,00:00.0,00:00.0
2/24/2025,6,5856972.8,5858567.68,1594.88,1489.408,105.472,0,0,0,0,00:00.0,00:00.0,00:00.0
2/23/2025,6,5853418.496,5856972.8,3554.304,0,0,3554.304,0,0,0,00:00.0,00:00.0,00:00.0
2/22/2025,6,5849930.752,5853418.496,3487.744,0,0,3487.744,0,0,0,00:00.0,00:00.0,00:00.0
2/21/2025,6,5846313.984,5849930.752,3616.768,3290.112,326.656,0,0,0,0,00:00.0,00:00.0,00:00.0
2/20/2025,6,5843067.904,5846313.984,3246.08,2975.744,270.336,0,0,0,0,00:00.0,00:00.0,00:00.0
2/19/2025,6,5839731.712,5843067.904,3336.192,3049.984,286.208,0,0,0,0,00:00.0,00:00.0,00:00.0
2/18/2025,6,5837227.52,5839731.712,2504.192,2363.904,140.288,0,0,0,0,00:00.0,00:00.0,00:00.0
2/17/2025,6,5833486.848,5837227.52,3740.672,3436.032,304.64,0,0,0,0,00:00.0,00:00.0,00:00.0
2/16/2025,6,5829264.384,5833486.848,4222.464,0,0,4222.464,0,0,0,00:00.0,00:00.0,00:00.0
2/15/2025,6,5825070.08,5829264.384,4194.304,0,0,4194.304,0,0,0,00:00.0,00:00.0,00:00.0
2/14/2025,6,5821002.752,5825070.08,4067.328,3759.616,307.712,0,0,0,0,00:00.0,00:00.0,00:00.0
2/13/2025,6,5816951.808,5821002.752,4050.944,3724.8,326.144,0,0,0,0,00:00.0,00:00.0,00:00.0
2/12/2025,6,5813144.064,5816951.808,3807.744,0,0,3807.744,0,0,0,00:00.0,00:00.0,00:00.0
2/11/2025,6,5809129.472,5813144.064,4014.592,3724.8,289.792,0,0,0,0,00:00.0,00:00.0,00:00.0
2/10/2025,6,5805012.992,5809129.472,4116.48,3801.6,314.88,0,0,0,0,00:00.0,00:00.0,00:00.0
2/9/2025,6,5801576.448,5805012.992,3436.544,0,0,3436.544,0,0,0,00:00.0,00:00.0,00:00.0
2/8/2025,6,5797643.264,5801576.448,3933.184,0,0,3933.184,0,0,0,00:00.0,00:00.0,00:00.0
2/7/2025,6,5794999.808,5797643.264,2643.456,2397.696,245.76,0,0,0,0,00:00.0,00:00.0,00:00.0
2/6/2025,6,5791647.232,5794999.808,3352.576,3104.256,248.32,0,0,0,0,00:00.0,00:00.0,00:00.0
2/5/2025,6,5787962.368,5791647.232,3684.864,3410.944,273.92,0,0,0,0,00:00.0,00:00.0,00:00.0
2/4/2025,6,5784498.176,5787962.368,3464.192,3256.32,207.872,0,0,0,0,00:00.0,00:00.0,00:00.0
2/3/2025,6,5780877.312,5784498.176,3620.864,3412.992,207.872,0,0,0,0,00:00.0,00:00.0,00:00.0
2/2/2025,6,5777413.632,5780877.312,3463.68,0,0,3463.68,0,0,0,00:00.0,00:00.0,00:00.0
2/1/2025,6,5773687.808,5777413.632,3725.824,0,0,3725.824,0,0,0,00:00.0,00:00.0,00:00.0
1/31/2025,6,5769825.28,5773687.808,3862.528,3577.344,285.184,0,0,0,0,00:00.0,00:00.0,00:00.0
1/30/2025,6,5765952,5769825.28,3873.28,3587.584,285.696,0,0,0,0,00:00.0,00:00.0,00:00.0
1/29/2025,6,5762301.44,5765952,3650.56,3373.568,276.992,0,0,0,0,00:00.0,00:00.0,00:00.0
1/28/2025,6,5758495.744,5762301.44,3805.696,3575.808,229.888,0,0,0,0,00:00.0,00:00.0,00:00.0
1/27/2025,6,5754714.112,5758495.744,3781.632,3511.296,270.336,0,0,0,0,00:00.0,00:00.0,00:00.0
1/26/2025,6,5751801.856,5754714.112,2912.256,0,0,2912.256,0,0,0,00:00.0,00:00.0,00:00.0
1/25/2025,6,5748026.88,5751801.856,3774.976,0,0,3774.976,0,0,0,00:00.0,00:00.0,00:00.0
1/24/2025,6,5744291.84,5748026.88,3735.04,3441.664,293.376,0,0,0,0,00:00.0,00:00.0,00:00.0
1/23/2025,6,5740890.112,5744291.84,3401.728,3209.216,192.512,0,0,0,0,00:00.0,00:00.0,00:00.0
1/22/2025,6,5737023.488,5740890.112,3866.624,3557.376,309.248,0,0,0,0,00:00.0,00:00.0,00:00.0
1/21/2025,6,5733019.136,5737023.488,4004.352,3692.544,311.808,0,0,0,0,00:00.0,00:00.0,00:00.0
1/20/2025,6,5728976.384,5733019.136,4042.752,3660.8,381.952,0,0,0,0,00:00.0,00:00.0,00:00.0
1/19/2025,6,5724897.792,5728976.384,4078.592,0,0,4078.592,0,0,0,00:00.0,00:00.0,00:00.0
1/18/2025,6,5720759.296,5724897.792,4138.496,0,0,4138.496,0,0,0,00:00.0,00:00.0,00:00.0
1/17/2025,6,5716866.048,5720759.296,3893.248,3574.784,318.464,0,0,0,0,00:00.0,00:00.0,00:00.0
1/16/2025,6,5713046.528,5716866.048,3819.52,3561.472,258.048,0,0,0,0,00:00.0,00:00.0,00:00.0
1/15/2025,6,5709448.704,5713046.528,3597.824,3273.216,324.608,0,0,0,0,00:00.0,00:00.0,00:00.0
1/14/2025,6,5706115.584,5709448.704,3333.12,2845.184,487.936,0,0,0,0,00:00.0,00:00.0,00:00.0
1/13/2025,6,5701959.168,5706115.584,4156.416,3816.448,339.968,0,0,0,0,00:00.0,00:00.0,00:00.0
1/12/2025,6,5698269.184,5701959.168,3689.984,0,0,3689.984,0,0,0,00:00.0,00:00.0,00:00.0
1/11/2025,6,5694154.24,5698269.184,4114.944,0,0,4114.944,0,0,0,00:00.0,00:00.0,00:00.0
1/10/2025,6,5690049.024,5694154.24,4105.216,3757.056,348.16,0,0,0,0,00:00.0,00:00.0,00:00.0
1/9/2025,6,5686318.592,5690049.024,3730.432,3441.664,288.768,0,0,0,0,00:00.0,00:00.0,00:00.0
1/8/2025,6,5682603.52,5686318.592,3715.072,3419.648,295.424,0,0,0,0,00:00.0,00:00.0,00:00.0
1/7/2025,6,5678778.368,5682603.52,3825.152,3505.664,319.488,0,0,0,0,00:00.0,00:00.0,00:00.0
1/6/2025,6,5674790.912,5678778.368,3987.456,3646.464,340.992,0,0,0,0,00:00.0,00:00.0,00:00.0
1/5/2025,6,5670843.392,5674790.912,3947.52,0,0,3947.52,0,0,0,00:00.0,00:00.0,00:00.0
1/4/2025,6,5666911.232,5670843.392,3932.16,0,0,3932.16,0,0,0,00:00.0,00:00.0,00:00.0
1/3/2025,6,5662937.088,5666911.232,3974.144,3628.032,346.112,0,0,0,0,00:00.0,00:00.0,00:00.0
1/2/2025,6,5659021.824,5662937.088,3915.264,3567.616,347.648,0,0,0,0,00:00.0,00:00.0,00:00.0
1/1/2025,6,5655033.344,5659021.824,3988.48,3637.76,350.72,0,0,0,0,00:00.0,00:00.0,00:00.0
12/31/2024,6,5651031.552,5655033.344,4001.792,0,0,4001.792,0,0,0,00:00.0,00:00.0,00:00.0
12/30/2024,6,5647057.92,5651031.552,3973.632,0,0,3973.632,0,0,0,00:00.0,00:00.0,00:00.0
12/29/2024,6,5643534.848,5647057.92,3523.072,0,0,3523.072,0,0,0,00:00.0,00:00.0,00:00.0
12/28/2024,6,5640606.72,5643534.848,2928.128,0,0,2928.128,0,0,0,00:00.0,00:00.0,00:00.0
12/27/2024,6,5636983.808,5640606.72,3622.912,3356.16,266.752,0,0,0,0,00:00.0,00:00.0,00:00.0
12/26/2024,6,5633367.552,5636983.808,3616.256,3289.6,326.656,0,0,0,0,00:00.0,00:00.0,00:00.0
12/25/2024,6,5629516.288,5633367.552,3851.264,3476.992,374.272,0,0,0,0,00:00.0,00:00.0,00:00.0
12/24/2024,6,5625481.216,5629516.288,4035.072,3651.072,384,0,0,0,0,00:00.0,00:00.0,00:00.0
12/23/2024,6,5621695.488,5625481.216,3785.728,3473.92,311.808,0,0,0,0,00:00.0,00:00.0,00:00.0
12/22/2024,6,5618088.96,5621695.488,3606.528,0,0,3606.528,0,0,0,00:00.0,00:00.0,00:00.0
12/21/2024,6,5614093.312,5618088.96,3995.648,0,0,3995.648,0,0,0,00:00.0,00:00.0,00:00.0
12/20/2024,6,5610116.096,5614093.312,3977.216,3589.12,388.096,0,0,0,0,00:00.0,00:00.0,00:00.0
12/19/2024,6,5606150.144,5610116.096,3965.952,3581.952,384,0,0,0,0,00:00.0,00:00.0,00:00.0
12/18/2024,6,5602186.752,5606150.144,3963.392,3604.48,358.912,0,0,0,0,00:00.0,00:00.0,00:00.0
12/17/2024,6,5598335.488,5602186.752,3851.264,3529.728,321.536,0,0,0,0,00:00.0,00:00.0,00:00.0
12/16/2024,6,5594832.384,5598335.488,3503.104,3181.568,321.536,0,0,0,0,00:00.0,00:00.0,00:00.0
12/15/2024,6,5591408.128,5594832.384,3424.256,0,0,3424.256,0,0,0,00:00.0,00:00.0,00:00.0
12/14/2024,6,5591347.2,5591408.128,60.928,0,0,60.928,0,0,0,00:00.0,00:00.0,00:00.0
12/13/2024,6,5590057.984,5591347.2,1289.216,1225.216,64,0,0,0,0,00:00.0,00:00.0,00:00.0
12/12/2024,6,5587204.096,5590057.984,2853.888,2618.88,235.008,0,0,0,0,00:00.0,00:00.0,00:00.0
12/11/2024,6,5583419.392,5587204.096,3784.704,3462.144,322.56,0,0,0,0,00:00.0,00:00.0,00:00.0
12/10/2024,6,5579453.44,5583419.392,3965.952,0,0,3965.952,0,0,0,00:00.0,00:00.0,00:00.0
12/9/2024,6,5575950.336,5579453.44,3503.104,3181.568,321.536,0,0,0,0,00:00.0,00:00.0,00:00.0
12/8/2024,6,5572526.08,5575950.336,3424.256,0,0,3424.256,0,0,0,00:00.0,00:00.0,00:00.0
12/7/2024,6,5569171.968,5572526.08,3354.112,0,0,3354.112,0,0,0,00:00.0,00:00.0,00:00.0
12/6/2024,6,5565209.088,5569171.968,3962.88,3535.872,427.008,0,0,0,0,00:00.0,00:00.0,00:00.0
12/5/2024,6,5561678.848,5565209.088,3530.24,0,0,3530.24,0,0,0,00:00.0,00:00.0,00:00.0
12/4/2024,6,5557739.008,5561678.848,3939.84,3530.752,409.088,0,0,0,0,00:00.0,00:00.0,00:00.0
12/3/2024,6,5553845.248,5557739.008,3893.76,3458.56,435.2,0,0,0,0,00:00.0,00:00.0,00:00.0
12/2/2024,6,5549988.352,5553845.248,3856.896,3451.904,404.992,0,0,0,0,00:00.0,00:00.0,00:00.0
12/1/2024,6,5546402.816,5549988.352,3585.536,0,0,3585.536,0,0,0,00:00.0,00:00.0,00:00.0
11/30/2024,6,5542338.56,5546402.816,4064.256,0,0,4064.256,0,0,0,00:00.0,00:00.0,00:00.0
11/29/2024,6,5538452.48,5542338.56,3886.08,3467.264,418.816,0,0,0,0,00:00.0,00:00.0,00:00.0
11/28/2024,6,5534730.24,5538452.48,3722.24,3251.712,470.528,0,0,0,0,00:00.0,00:00.0,00:00.0
11/27/2024,6,5531210.752,5534730.24,3519.488,3082.24,437.248,0,0,0,0,00:00.0,00:00.0,00:00.0
11/26/2024,6,5528953.344,5531210.752,2257.408,2115.584,141.824,0,0,0,0,00:00.0,00:00.0,00:00.0
11/25/2024,6,5525549.568,5528953.344,3403.776,3047.936,355.84,0,0,0,0,00:00.0,00:00.0,00:00.0
11/24/2024,6,5521973.248,5525549.568,3576.32,0,0,3576.32,0,0,0,00:00.0,00:00.0,00:00.0
11/23/2024,6,5518055.424,5521973.248,3917.824,0,0,3917.824,0,0,0,00:00.0,00:00.0,00:00.0
11/22/2024,6,5514052.096,5518055.424,4003.328,3510.784,492.544,0,0,0,0,00:00.0,00:00.0,00:00.0
11/21/2024,6,5510326.272,5514052.096,3725.824,3234.304,491.52,0,0,0,0,00:00.0,00:00.0,00:00.0
11/20/2024,6,5506415.616,5510326.272,3910.656,3415.552,495.104,0,0,0,0,00:00.0,00:00.0,00:00.0
11/19/2024,6,5503249.92,5506415.616,3165.696,2685.952,479.744,0,0,0,0,00:00.0,00:00.0,00:00.0
11/18/2024,6,5499261.952,5503249.92,3987.968,3488.256,499.712,0,0,0,0,00:00.0,00:00.0,00:00.0
11/17/2024,6,5497303.552,5499261.952,1958.4,0,0,1958.4,0,0,0,00:00.0,00:00.0,00:00.0
11/16/2024,6,5493291.008,5497303.552,4012.544,0,0,4012.544,0,0,0,00:00.0,00:00.0,00:00.0
11/15/2024,6,5490638.336,5493291.008,2652.672,2415.104,237.568,0,0,0,0,00:00.0,00:00.0,00:00.0
11/14/2024,6,5487496.704,5490638.336,3141.632,2647.04,494.592,0,0,0,0,00:00.0,00:00.0,00:00.0
11/13/2024,6,5483950.08,5487496.704,3546.624,3030.528,516.096,0,0,0,0,00:00.0,00:00.0,00:00.0
11/12/2024,6,5480460.8,5483950.08,3489.28,2978.816,510.464,0,0,0,0,00:00.0,00:00.0,00:00.0
11/11/2024,6,5476489.216,5480460.8,3971.584,3431.936,539.648,0,0,0,0,00:00.0,00:00.0,00:00.0
11/10/2024,6,5472348.16,5476489.216,4141.056,0,0,4141.056,0,0,0,00:00.0,00:00.0,00:00.0
11/9/2024,6,5468047.872,5472348.16,4300.288,0,0,4300.288,0,0,0,00:00.0,00:00.0,00:00.0
11/8/2024,6,5464666.624,5468047.872,3381.248,2840.064,541.184,0,0,0,0,00:00.0,00:00.0,00:00.0
11/7/2024,6,5461562.88,5464666.624,3103.744,2846.72,257.024,0,0,0,0,00:00.0,00:00.0,00:00.0
11/6/2024,6,5459450.368,5461562.88,2112.512,1661.952,450.56,0,0,0,0,00:00.0,00:00.0,00:00.0
11/5/2024,6,5456652.8,5459450.368,2797.568,2313.216,484.352,0,0,0,0,00:00.0,00:00.0,00:00.0
11/4/2024,6,5453207.04,5456652.8,3445.76,2985.984,459.776,0,0,0,0,00:00.0,00:00.0,00:00.0
11/3/2024,6,5449192.448,5453207.04,4014.592,0,0,4014.592,0,0,0,00:00.0,00:00.0,00:00.0
11/2/2024,6,5445106.176,5449192.448,4086.272,0,0,4086.272,0,0,0,00:00.0,00:00.0,00:00.0
11/1/2024,6,5441587.2,5445106.176,3518.976,3057.664,461.312,0,0,0,0,00:00.0,00:00.0,00:00.0
10/31/2024,6,5437716.48,5441587.2,3870.72,3330.56,540.16,0,0,0,0,00:00.0,00:00.0,00:00.0
10/30/2024,6,5434996.224,5437716.48,2720.256,2397.696,322.56,0,0,0,0,00:00.0,00:00.0,00:00.0
10/29/2024,6,5431419.392,5434996.224,3576.832,3146.24,430.592,0,0,0,0,00:00.0,00:00.0,00:00.0
10/28/2024,6,5428238.848,5431419.392,3180.544,3044.864,135.68,0,0,0,0,00:00.0,00:00.0,00:00.0
10/27/2024,6,5428120.576,5428238.848,118.272,0,0,118.272,0,0,0,00:00.0,00:00.0,00:00.0
10/26/2024,6,5424415.744,5428120.576,3704.832,0,0,3704.832,0,0,0,00:00.0,00:00.0,00:00.0
10/25/2024,6,5420130.816,5424415.744,4284.928,3692.544,592.384,0,0,0,0,00:00.0,00:00.0,00:00.0
10/24/2024,6,5415790.08,5420130.816,4340.736,3748.352,592.384,0,0,0,0,00:00.0,00:00.0,00:00.0
10/23/2024,6,5411562.496,5415790.08,4227.584,0,0,4227.584,0,0,0,00:00.0,00:00.0,00:00.0
10/22/2024,6,5407180.8,5411562.496,4381.696,3794.432,587.264,0,0,0,0,00:00.0,00:00.0,00:00.0
10/21/2024,6,5403857.92,5407180.8,3322.88,3003.392,319.488,0,0,0,0,00:00.0,00:00.0,00:00.0
10/20/2024,6,5400855.04,5403857.92,3002.88,0,0,3002.88,0,0,0,00:00.0,00:00.0,00:00.0
10/19/2024,6,5398556.672,5400855.04,2298.368,0,0,2298.368,0,0,0,00:00.0,00:00.0,00:00.0
10/18/2024,6,5395228.672,5398556.672,3328,2998.784,329.216,0,0,0,0,00:00.0,00:00.0,00:00.0
10/17/2024,6,5392472.576,5395228.672,2756.096,2273.792,482.304,0,0,0,0,00:00.0,00:00.0,00:00.0
10/16/2024,6,5389810.176,5392472.576,2662.4,2155.008,507.392,0,0,0,0,00:00.0,00:00.0,00:00.0
10/15/2024,6,5386293.76,5389810.176,3516.416,2934.272,582.144,0,0,0,0,00:00.0,00:00.0,00:00.0
10/14/2024,6,5382288.384,5386293.76,4005.376,0,0,4005.376,0,0,0,00:00.0,00:00.0,00:00.0
10/13/2024,6,5378750.464,5382288.384,3537.92,0,0,3537.92,0,0,0,00:00.0,00:00.0,00:00.0
10/12/2024,6,5375257.088,5378750.464,3493.376,0,0,3493.376,0,0,0,00:00.0,00:00.0,00:00.0
10/11/2024,6,5371136.512,5375257.088,4120.576,3578.88,541.696,0,0,0,0,00:00.0,00:00.0,00:00.0
10/10/2024,6,5367639.04,5371136.512,3497.472,3004.416,493.056,0,0,0,0,00:00.0,00:00.0,00:00.0
10/9/2024,6,5364146.688,5367639.04,3492.352,3185.664,306.688,0,0,0,0,00:00.0,00:00.0,00:00.0
10/8/2024,6,5360034.816,5364146.688,4111.872,3503.104,608.768,0,0,0,0,00:00.0,00:00.0,00:00.0
10/7/2024,6,5355364.864,5360034.816,4669.952,4077.568,592.384,0,0,0,0,00:00.0,00:00.0,00:00.0
10/6/2024,6,5350911.488,5355364.864,4453.376,0,0,4453.376,0,0,0,00:00.0,00:00.0,00:00.0
10/5/2024,6,5346012.672,5350911.488,4898.816,0,0,4898.816,0,0,0,00:00.0,00:00.0,00:00.0
10/4/2024,6,5342338.048,5346012.672,3674.624,3243.52,431.104,0,0,0,0,00:00.0,00:00.0,00:00.0
10/3/2024,6,5339422.72,5342338.048,2915.328,2712.576,202.752,0,0,0,0,00:00.0,00:00.0,00:00.0
10/2/2024,6,5337504.768,5339422.72,1917.952,1378.816,539.136,0,0,0,0,00:00.0,00:00.0,00:00.0
10/1/2024,6,5333757.44,5337504.768,3747.328,3296.256,451.072,0,0,0,0,00:00.0,00:00.0,00:00.0
9/30/2024,6,5329554.944,5333757.44,4202.496,3616.768,585.728,0,0,0,0,00:00.0,00:00.0,00:00.0
9/29/2024,6,5326800.384,5329554.944,2754.56,0,0,2754.56,0,0,0,00:00.0,00:00.0,00:00.0
9/28/2024,6,5322229.76,5326800.384,4570.624,0,0,4570.624,0,0,0,00:00.0,00:00.0,00:00.0
9/27/2024,6,5318028.8,5322229.76,4200.96,3553.28,647.68,0,0,0,0,00:00.0,00:00.0,00:00.0
9/26/2024,6,5313514.496,5318028.8,4514.304,4094.464,419.84,0,0,0,0,00:00.0,00:00.0,00:00.0
9/25/2024,6,5310611.456,5313514.496,2903.04,2634.752,268.288,0,0,0,0,00:00.0,00:00.0,00:00.0
9/24/2024,6,5308405.248,5310611.456,2206.208,1919.488,286.72,0,0,0,0,00:00.0,00:00.0,00:00.0
9/23/2024,6,5304750.08,5308405.248,3655.168,3254.784,400.384,0,0,0,0,00:00.0,00:00.0,00:00.0
9/22/2024,6,5302272,5304750.08,2478.08,0,0,2478.08,0,0,0,00:00.0,00:00.0,00:00.0
9/21/2024,6,5297789.952,5302272,4482.048,0,0,4482.048,0,0,0,00:00.0,00:00.0,00:00.0
9/20/2024,6,5296199.168,5297789.952,1590.784,1411.072,179.712,0,0,0,0,00:00.0,00:00.0,00:00.0
9/19/2024,6,5291605.504,5296199.168,4593.664,3964.928,628.736,0,0,0,0,00:00.0,00:00.0,00:00.0
9/18/2024,6,5289482.24,5291605.504,2123.264,1889.792,233.472,0,0,0,0,00:00.0,00:00.0,00:00.0
9/17/2024,6,5286563.328,5289482.24,2918.912,2657.28,261.632,0,0,0,0,00:00.0,00:00.0,00:00.0
9/16/2024,6,5281951.232,5286563.328,4612.096,4004.352,607.744,0,0,0,0,00:00.0,00:00.0,00:00.0
9/15/2024,6,5278296.064,5281951.232,3655.168,0,0,3655.168,0,0,0,00:00.0,00:00.0,00:00.0
9/14/2024,6,5274039.808,5278296.064,4256.256,0,0,4256.256,0,0,0,00:00.0,00:00.0,00:00.0
9/13/2024,6,5270731.264,5274039.808,3308.544,2949.12,359.424,0,0,0,0,00:00.0,00:00.0,00:00.0
9/12/2024,6,5266977.28,5270731.264,3753.984,3331.584,422.4,0,0,0,0,00:00.0,00:00.0,00:00.0
9/11/2024,6,5262643.2,5266977.28,4334.08,3993.088,340.992,0,0,0,0,00:00.0,00:00.0,00:00.0
9/10/2024,6,5258544.128,5262643.2,4099.072,3683.84,415.232,0,0,0,0,00:00.0,00:00.0,00:00.0
9/9/2024,6,5254997.504,5258544.128,3546.624,3095.552,451.072,0,0,0,0,00:00.0,00:00.0,00:00.0
9/8/2024,6,5251532.288,5254997.504,3465.216,0,0,3465.216,0,0,0,00:00.0,00:00.0,00:00.0
9/7/2024,6,5247040,5251532.288,4492.288,0,0,4492.288,0,0,0,00:00.0,00:00.0,00:00.0
9/6/2024,6,5243520.512,5247040,3519.488,3091.968,427.52,0,0,0,0,00:00.0,00:00.0,00:00.0
9/5/2024,6,5239597.056,5243520.512,3923.456,3369.984,553.472,0,0,0,0,00:00.0,00:00.0,00:00.0
9/4/2024,6,5235814.4,5239597.056,3782.656,3441.664,340.992,0,0,0,0,00:00.0,00:00.0,00:00.0
9/3/2024,6,5233142.784,5235814.4,2671.616,2405.888,265.728,0,0,0,0,00:00.0,00:00.0,00:00.0
9/2/2024,6,5230205.44,5233142.784,2937.344,2875.392,61.952,0,0,0,0,00:00.0,00:00.0,00:00.0
9/1/2024,6,5225054.72,5230205.44,5150.72,0,0,5150.72,0,0,0,00:00.0,00:00.0,00:00.0
8/31/2024,6,5221018.112,5225054.72,4036.608,0,0,4036.608,0,0,0,00:00.0,00:00.0,00:00.0
8/30/2024,6,5216913.92,5221018.112,4062.72,3487.232,575.488,0,0,0,0,59:00.0,59:00.0,58:00.0
8/29/2024,6,5212794.88,5216913.92,4077.056,3444.736,632.32,0,0,0,0,00:00.0,00:00.0,00:00.0
8/28/2024,6,5208867.328,5212794.88,3905.024,3350.016,555.008,0,0,0,0,00:00.0,00:00.0,00:00.0
8/27/2024,6,5204115.968,5208777.216,4661.248,4284.928,376.32,0,0.01,0.735,0,14:02.0,00:01.0,10:01.0
8/26/2024,6,5199521.792,5204115.968,4594.176,3980.8,613.376,0,0.718,0.916,0,59:02.0,00:01.0,55:01.0
8/25/2024,6,5195069.952,5199521.792,4451.84,0,0,4451.84,0,0,0,59:02.0,00:01.0,55:01.0
8/24/2024,6,5190845.44,5195069.952,4224.512,0,0,4224.512,0,0,0,59:02.0,00:01.0,55:01.0
8/23/2024,6,5186344.448,5190845.44,4500.992,3980.288,520.704,0,0.735,0.916,0,59:02.0,00:01.0,55:01.0
8/22/2024,6,5181465.6,5186344.448,4878.848,4314.624,564.224,0,0.724,0.9,0,59:02.0,00:01.0,55:01.0
8/21/2024,6,5177706.496,5181465.6,3759.104,3355.648,403.456,0,0.723,0.919,0,59:02.0,00:01.0,55:01.0
8/20/2024,6,5174900.736,5177706.496,2805.76,2563.584,242.176,0,0.722,1.135,0,59:02.0,00:01.0,55:01.0
8/19/2024,6,5171145.728,5174900.736,3755.008,3078.656,676.352,0,0.696,0.202,0,59:02.0,35:01.0,55:01.0
8/18/2024,6,5167129.6,5171145.728,4016.128,0,0,4016.128,0,0,0,59:02.0,00:01.0,25:01.0
8/17/2024,6,5163744.256,5167129.6,3385.344,0,0,3385.344,0,0,0,59:02.0,00:01.0,50:01.0
8/16/2024,6,5158712.32,5163744.256,5031.936,4481.536,550.4,0,0.703,0.896,0,06:01.0,00:01.0,55:01.0
8/15/2024,6,5154286.592,5158712.32,4425.728,3848.192,577.536,0,0.696,0.901,0,07:13.0,00:01.0,50:01.0
8/14/2024,6,5149394.966,5154286.592,4891.626,4349.186,542.44,0,0.708,0.202,0,59:02.0,03:28.0,55:01.0
8/13/2024,6,5145070.592,5149394.966,4324.374,4023.83,300.544,0,0,0,0,59:02.0,00:01.0,55:01.0
8/12/2024,6,5141586.944,5145070.592,3483.648,3106.304,377.344,0,0,0,0,59:02.0,00:01.0,55:01.0
8/11/2024,6,5137195.52,5141586.944,4391.424,0,0,4391.424,0,0,0,59:02.0,00:01.0,55:01.0
8/10/2024,6,5132329.984,5137195.52,4865.536,0,0,4865.536,0,0,0,59:02.0,05:01.0,55:01.0
8/9/2024,6,5127458.816,5132329.984,4871.168,3896.934,974.234,0,0,0,0,59:02.0,00:01.0,10:01.0
8/8/2024,6,5122507.264,5127458.816,4951.552,3716.608,1234.944,0,0.711,0.913,0,59:02.0,00:01.0,55:01.0
8/7/2024,6,5117565.03,5122507.264,4942.234,3803.599,1138.635,0,0.671,1.71,0,16:44.0,31:13.0,16:44.0
8/6/2024,6,5114320.896,5117565.03,3244.134,2835.251,408.883,0,0,0,0,59:00.0,59:00.0,58:00.0
8/5/2024,6,5110083.584,5114320.896,4237.312,3723.635,513.999,0,0.65,0.726,0,33:28.0,59:05.0,33:28.0
8/4/2024,6,5106686.272,5110083.584,3397.312,0,0,3397.312,0,0,0,40:45.0,38:42.0,40:45.0
8/3/2024,6,5103527.808,5106686.272,3158.464,0,0,3158.464,0,0,0,59:00.0,59:00.0,58:00.0
8/2/2024,6,5099726.443,5103527.808,3801.365,3119.59,681.78,0,0,0,0,59:00.0,59:00.0,58:00.0
8/1/2024,6,5095974.4,5099726.443,3752.04,2959.81,792.23,0,0,0,0,59:00.0,59:00.0,58:00.0
7/31/2024,6,5093901.312,5095974.4,2073.088,1779.264,293.42,0,0.705,0.941,0,38:42.0,04:37.0,38:42.0
7/30/2024,6,5090184.704,5094174.72,3990.016,3597.312,0,0,0.705,0.917,0,05:07.0,00:36.0,59:56.0
7/29/2024,6,5087601.664,5090184.704,2583.04,0,0,2583.04,0,0,0.8,36:49.0,00:45.0,59:33.0
7/27/2024,6,5082051.584,5085663.232,3611.648,0,0,3611.648,0,0,0.1,59:00.0,00:05.0,59:00.0
7/26/2024,6,5078470.144,5082051.584,3581.439,2865.151,716.287,0,0.24,0.1,0,59:00.0,00:05.0,59:00.0
7/25/2024,6,5074352.64,5078470.144,4117.504,3746.064,371.274,0,1.347,0.932,0,42:00.0,02:37.0,42:00.0
7/24/2024,6,5070756.352,5074339.328,3582.976,3239.444,343.506,0,0.006,0.703,0,54:28.0,59:37.0,54:28.0
7/23/2024,6,5066760.192,5070756.352,3996.16,3502.876,493.176,0,0.681,0.888,0,45:28.0,59:08.0,45:28.0
7/22/2024,6,5063166.976,5066760.192,3593.216,0,0,3593.562,0,0,1.639,55:05.0,59:50.0,55:05.0
7/21/2024,6,5059410.432,5063166.976,3756.544,0,0,3756.256,0,0,1.601,49:43.0,59:47.0,49:43.0
7/20/2024,6,5055238.656,5059410.432,4171.776,0,0,4172.016,0,0,1.549,39:34.0,58:24.0,39:34.0
7/19/2024,6,5052075.008,5055238.656,3163.648,2850.944,312.449,0,0.667,0.929,0,56:23.0,58:23.0,56:23.0
7/18/2024,6,5049035.264,5052075.008,3039.744,2866.108,173.769,0,0.71,0.91,0,44:10.0,58:02.0,44:10.0
7/17/2024,6,5046244.864,5049035.264,2790.4,2566.144,0,0,0.689,0.916,0,18:26.0,01:20.0,58:02.0
7/16/2024,6,5026875.392,5046244.864,19369.472,9976.416,1418.448,7974.579,3.297,3.829,3.195,34:20.0,01:15.0,34:20.0
7/10/2024,6,5024091.136,5024091.136,0,0,0,0,0,0.007,0,02:19.0,58:13.0,02:19.0
7/9/2024,6,5021069.312,5024091.136,3021.824,2541.732,480.232,0,0.7,0.847,0,35:56.0,59:11.0,35:56.0
7/8/2024,6,5012521.472,5021069.312,8547.84,4030.488,412.05,4104.828,0.637,0.708,1.521,35:18.0,29:54.0,35:18.0
7/7/2024,6,5012521.472,5016626.688,4105.216,0,0,4105.216,0,0.004,1.569,07:10.0,01:37.0,59:05.0
7/6/2024,6,5007618.56,5012521.472,4902.912,0,0,4903.391,0,0,1.981,58:56.0,59:29.0,58:56.0
7/5/2024,6,5002848.256,5007618.56,4770.304,4253.147,517.091,0,0.654,0.689,0,23:27.0,59:20.0,23:27.0
7/4/2024,6,4999579.648,5002848.256,3268.608,2902.016,366.592,0,0.692,0.952,0,55:13.0,01:34.0,59:20.0
7/3/2024,6,4995076.608,4999579.648,4503.04,4023.997,478.891,0,0.657,0.698,0,29:22.0,59:35.0,29:22.0
7/2/2024,6,4991979.008,4995076.608,3097.6,2867.601,230.001,0,0.687,0.74,0,20:15.0,59:18.0,20:15.0
7/1/2024,6,4988368.384,4991979.008,3610.624,3258.186,352.471,0,0.777,0.924,0,51:14.0,00:40.0,51:14.0
6/30/2024,6,4984262.144,4988368.384,4106.24,0,0,4106.24,0,0,1.523,52:03.0,01:50.0,58:39.0
6/29/2024,6,4981807.104,4984262.144,2455.04,0,0,2454.732,0,0,1.15,32:15.0,58:52.0,32:15.0
6/28/2024,6,4976386.048,4981807.104,5421.056,4721.224,700.129,0,0.715,0.794,0,08:01.0,57:59.0,08:01.0
6/27/2024,6,4933731.84,4976386.048,42654.208,30427.328,4524.626,7702.272,5.602,6.871,3.234,50:14.0,29:33.0,50:14.0
6/18/2024,6,4933731.84,4933731.84,0,0,0,0,0,0.007,0,03:17.0,59:14.0,03:17.0
6/17/2024,6,4923891.712,4932447.232,8555.52,3240.816,655.069,4659.622,0,0.683,1.535,11:16.0,30:13.0,11:16.0
6/16/2024,6,4923891.712,4923891.712,0,0,0,0,0,0,0.003,01:48.0,59:47.0,01:48.0
6/15/2024,6,4919355.392,4923891.712,4536.32,0,0,4536.524,0,0,1.545,33:30.0,59:14.0,33:30.0
6/14/2024,6,4914339.328,4914869.76,530.432,0,530.502,0,0.377,0.904,0,41:00.0,50:00.0,41:00.0
6/13/2024,6,4909165.056,4912075.776,2910.72,2501.118,409.915,0,0.723,0.893,0,46:00.0,58:00.0,46:00.0
6/12/2024,6,4906388.992,4908738.048,2349.056,1992.598,356.554,0,0,0.687,0,52:00.0,59:00.0,52:00.0
6/11/2024,6,4903060.48,4906388.992,3328.512,2826.876,501.62,0,0.748,0.871,0,50:00.0,59:00.0,50:00.0
6/10/2024,6,4900372.992,4900495.36,122.368,0,122.707,0,0,0.678,0,37:00.0,59:00.0,37:00.0
6/9/2024,6,4896318.464,4900372.992,4054.528,0,0,4054.573,0,0.002,1.663,58:00.0,14:00.0,58:00.0
6/8/2024,6,4891725.824,4896318.464,4592.64,0,0,4592.428,0,0,1.269,29:00.0,59:00.0,29:00.0
6/7/2024,6,4887907.328,4891725.824,3818.496,3098.41,720.298,0,0.71,1.08,0,49:00.0,01:00.0,49:00.0
6/6/2024,6,4883718.656,4887907.328,4188.672,3479.53,708.894,0,0.637,0.675,0,59:00.0,59:00.0,59:00.0
6/5/2024,6,4878839.808,4883718.656,4878.848,4246.528,632.375,0,0.714,0.902,0,52:00.0,59:00.0,52:00.0
6/4/2024,6,4874422.272,4878839.808,4417.536,3728.87,688.595,0,0.664,0.834,0,57:00.0,59:00.0,57:00.0
6/3/2024,6,4870404.608,4874422.272,4017.664,0,0,4017.664,0,0,0,59:00.0,59:00.0,58:00.0
6/2/2024,6,4866365.952,4870404.608,4038.656,0,0,4038.656,0,0,0,59:00.0,59:00.0,58:00.0
6/1/2024,6,4863142.912,4866365.952,3223.04,0,0,3223.065,0,0,1.587,54:00.0,01:00.0,54:00.0
5/31/2024,6,4859405.824,4863142.912,3737.088,3260.144,476.651,0,0.708,0.89,0,57:00.0,59:00.0,57:00.0
5/30/2024,6,4855465.472,4859405.824,3940.352,3254.912,685.798,0,0.712,0.869,0,57:00.0,59:00.0,57:00.0
5/29/2024,6,4851373.568,4855465.472,4091.904,3372.932,718.813,0,0.682,0.864,0,57:00.0,59:00.0,57:00.0
5/28/2024,6,4847548.416,4851373.568,3825.152,3310.74,514.431,0,0.641,0.88,0,58:00.0,59:00.0,58:00.0
5/27/2024,6,4842658.816,4847548.416,4889.6,4194.068,695.249,0,0.681,0.849,0,52:00.0,59:00.0,52:00.0
5/26/2024,6,4837948.928,4842658.816,4709.888,0,0,4710.264,0,0.003,1.576,59:00.0,59:00.0,59:00.0
5/25/2024,6,4833530.368,4837948.928,4418.56,0,0,4418.124,0,0,1.529,58:00.0,59:00.0,58:00.0
5/24/2024,6,4829973.504,4833530.368,3556.864,3242.952,314.264,0,0.743,0.88,0,57:00.0,59:00.0,57:00.0
5/23/2024,6,4826045.44,4829973.504,3928.064,3530.564,397.152,0,1.016,0.896,0,58:00.0,59:00.0,58:00.0
5/22/2024,6,4822870.016,4826045.44,3175.424,0,0,3175.586,0,0.002,1.639,58:00.0,59:00.0,58:00.0
5/21/2024,6,4821906.432,4822870.016,963.584,842.972,120.881,0,0.666,0.889,0,56:00.0,59:00.0,56:00.0
5/20/2024,6,4817060.864,4821906.432,4845.568,4243.132,602.055,0,0.699,0.862,0,56:00.0,59:00.0,56:00.0
5/19/2024,6,4812489.728,4817060.864,4571.136,0,0,4571.2,0,0.003,1.768,59:00.0,59:00.0,59:00.0
5/18/2024,6,4808299.008,4812489.728,4190.72,0,0,4190.772,0,0,1.604,59:00.0,59:00.0,59:00.0
5/17/2024,6,4804571.136,4808299.008,3727.872,3130.628,597.547,0,0.701,0.878,0.003,59:00.0,59:00.0,59:00.0
5/16/2024,6,4801373.184,4804571.136,3197.952,2772.164,425.737,0,0.917,0.889,0,55:00.0,59:00.0,55:00.0
5/15/2024,6,4796815.36,4801373.184,4557.824,3886.58,670.845,0,0.721,0.898,0,58:00.0,59:00.0,58:00.0
5/14/2024,6,4792210.944,4796815.36,4604.416,4017.13,587.401,0,0.74,0.887,0,55:00.0,59:00.0,55:00.0
5/13/2024,6,4788649.472,4792210.944,3561.472,3300.302,261.139,0,1.066,0.889,0,58:00.0,59:00.0,58:00.0
5/12/2024,6,4783723.52,4788649.472,4925.952,0,0,4926.083,0,0,1.594,52:00.0,59:00.0,52:00.0
5/11/2024,6,4780347.904,4783723.52,3375.616,0,0,3375.866,0,0,2.19,55:00.0,59:00.0,55:00.0
5/10/2024,6,4776262.144,4780347.904,4085.76,3433.456,652.276,0,0.789,0.881,0,56:00.0,59:00.0,56:00.0
5/9/2024,6,4773415.936,4776262.144,2846.208,2256.73,589.297,0,0.8,0.885,0,59:00.0,59:00.0,59:00.0
5/8/2024,6,4769613.824,4773415.936,3802.112,3623.757,178.17,0,0.766,0.959,0,57:00.0,59:00.0,57:00.0
5/7/2024,6,4768256,4769613.824,1357.824,1138.275,219.631,0,0.71,0.891,0,59:00.0,59:00.0,59:00.0
5/6/2024,6,4763795.968,4768256,4460.032,3876.711,583.251,0,0.702,0.878,0,59:00.0,59:00.0,59:00.0
5/5/2024,6,4759092.736,4763795.968,4703.232,0,0,4703.25,0,0.002,1.791,58:00.0,59:00.0,58:00.0
5/4/2024,6,4754705.408,4759092.736,4387.328,0,0,4387.389,0,0,1.675,56:00.0,59:00.0,56:00.0
5/3/2024,6,4750110.208,4754705.408,4595.2,4023.202,572.099,0,0.753,0.89,0,56:00.0,59:00.0,56:00.0
5/2/2024,6,4745301.504,4750110.208,4808.704,4240.458,568.179,0,0.841,0.874,0,56:00.0,59:00.0,56:00.0
5/1/2024,6,4741938.688,4745301.504,3362.816,0,0,3362.895,0,0.002,1.728,58:00.0,01:00.0,58:00.0
4/30/2024,6,4736894.464,4741938.688,5044.224,4469.52,574.827,0,0.814,0.912,0,57:00.0,59:00.0,57:00.0
4/29/2024,6,4731673.088,4736894.464,5221.376,4587.832,633.406,0,0.807,0.892,0,57:00.0,59:00.0,57:00.0
4/28/2024,6,4726618.624,4731673.088,5054.464,0,0,5054.304,0,0.001,1.693,58:00.0,59:00.0,58:00.0
4/27/2024,6,4721495.04,4726618.624,5123.584,0,0,5123.648,0,0,1.731,58:00.0,59:00.0,58:00.0
4/26/2024,6,4716167.168,4721495.04,5327.872,4652.28,675.697,0,0.799,0.893,0.003,59:00.0,59:00.0,59:00.0
4/25/2024,6,4710971.904,4716167.168,5195.264,4567.36,627.752,0,0.798,0.91,0,57:00.0,59:00.0,57:00.0
4/24/2024,6,4705874.432,4710971.904,5097.472,4497.524,599.844,0,0.76,0.892,0,58:00.0,59:00.0,58:00.0
4/23/2024,6,4701048.832,4705874.432,4825.6,4236.364,589.349,0,0.78,0.9,0,56:00.0,59:00.0,56:00.0
4/22/2024,6,4696052.224,4701048.832,4996.608,4410.012,586.505,0,0.8,0.88,0,58:00.0,59:00.0,58:00.0
4/21/2024,6,4691136.512,4696052.224,4915.712,0,0,4915.984,0,0.003,1.677,59:00.0,59:00.0,59:00.0
4/20/2024,6,4686237.184,4691136.512,4899.328,0,0,4899.434,0,0,1.704,57:00.0,59:00.0,57:00.0
4/19/2024,6,4681167.36,4686237.184,5069.824,4507.208,562.449,0,0.818,0.909,0,56:00.0,59:00.0,56:00.0
4/18/2024,6,4676183.04,4681167.36,4984.32,4425.716,558.357,0,0.808,0.917,0,59:00.0,59:00.0,59:00.0
4/17/2024,6,4671078.912,4676183.04,5104.128,4525.176,579.141,0,0.816,0.916,0,59:00.0,58:00.0,59:00.0
4/16/2024,6,4666015.232,4671078.912,5063.68,4520.712,542.752,0,0.841,0.904,0,54:00.0,59:00.0,54:00.0
4/15/2024,6,4660904.96,4666015.232,5110.272,0,0,5110.36,0,0,1.825,57:00.0,59:00.0,57:00.0
4/14/2024,6,4656439.296,4660904.96,4465.664,0,0,4465.6,0,0,1.949,59:00.0,59:00.0,59:00.0
4/13/2024,6,4652303.36,4656439.296,4135.936,0,0,4135.909,0,0,1.872,58:00.0,59:00.0,58:00.0
4/12/2024,6,4648058.368,4652303.36,4244.992,3760.188,484.936,0,0.689,0.917,0.003,59:00.0,59:00.0,59:00.0
4/11/2024,6,4644043.264,4648058.368,4015.104,3547.902,467.56,0,0.727,0.924,0,59:00.0,59:00.0,59:00.0
4/10/2024,6,4641124.864,4644043.264,2918.4,2717.546,200.701,0,0.691,0.964,0,57:00.0,59:00.0,57:00.0
4/9/2024,6,4627260.928,4641124.864,13863.936,7967.294,967.312,4929.106,1.566,1.839,0.935,59:00.0,06:00.0,59:00.0
4/7/2024,6,4627225.6,4627248.64,23.04,0,0,23.089,0,0,0.7,57:00.0,59:00.0,57:00.0
4/6/2024,6,4622308.352,4627225.6,4917.248,0,0,4917.238,0,0,1.666,58:00.0,59:00.0,58:00.0
4/5/2024,6,4617587.2,4622308.352,4721.152,4212.658,508.316,0,0.738,0.925,0.002,58:00.0,59:00.0,58:00.0
4/4/2024,6,4612994.56,4617587.2,4592.64,4177.722,414.762,0,0.741,0.921,0,55:00.0,59:00.0,55:00.0
4/3/2024,6,4608574.464,4612994.56,4420.096,3956.89,463.531,0,0.731,0.929,0,58:00.0,59:00.0,58:00.0
4/2/2024,6,4603878.912,4608574.464,4695.552,4222.514,472.729,0,0.733,0.924,0,59:00.0,59:00.0,59:00.0
4/1/2024,6,4598867.968,4603878.912,5010.944,4566.039,444.889,0,0.818,0.927,0,58:00.0,01:00.0,58:00.0
3/31/2024,6,4593789.44,4598867.968,5078.528,0,0,5078.656,0,0,1.712,57:00.0,59:00.0,57:00.0
3/30/2024,6,4588762.112,4593789.44,5027.328,0,0,5027.264,0,0,1.644,59:00.0,59:00.0,59:00.0
3/29/2024,6,4583566.848,4588762.112,5195.264,4670.576,524.983,0,0.725,0.922,0.003,59:00.0,59:00.0,59:00.0
3/28/2024,6,4579581.952,4583566.848,3984.896,3644.232,340.521,0,0.779,0.912,0,59:00.0,59:00.0,59:00.0
3/27/2024,6,4575312.384,4579581.952,4269.568,3814.592,454.756,0,0.746,1.024,0,59:00.0,59:00.0,59:00.0
3/26/2024,6,4572107.264,4575312.384,3205.12,2890.16,315.18,0,1.518,0.933,0,58:00.0,59:00.0,58:00.0
3/25/2024,6,4567801.856,4572107.264,4305.408,3817.516,488.033,0,0.722,0.933,0,59:00.0,59:00.0,59:00.0
3/24/2024,6,4563108.352,4567801.856,4693.504,0,0,4693.156,0,0.003,1.684,59:00.0,59:00.0,59:00.0
3/23/2024,6,4558213.632,4563108.352,4894.72,0,0,4895.014,0,0,1.676,59:00.0,59:00.0,59:00.0
3/22/2024,6,4553738.752,4558213.632,4474.88,4048.992,425.975,0,0.737,0.939,0.003,59:00.0,59:00.0,59:00.0
3/21/2024,6,4550678.016,4553738.752,3060.736,2735.368,325.205,0,0.719,0.981,0,59:00.0,59:00.0,59:00.0
3/20/2024,6,4549035.008,4550678.016,1643.008,1514.14,128.983,0,0.729,1.125,0,59:00.0,59:00.0,59:00.0
3/19/2024,6,4545551.872,4549035.008,3483.136,3182.444,300.604,0,0.763,0.944,0,59:00.0,59:00.0,59:00.0
3/18/2024,6,4540881.408,4545551.872,4670.464,4246.356,423.82,0,0.729,0.938,0,59:00.0,59:00.0,59:00.0
3/17/2024,6,4535918.592,4540881.408,4962.816,0,0,4962.876,0,0.003,1.704,59:00.0,59:00.0,59:00.0
3/16/2024,6,4533259.264,4535918.592,2659.328,0,0,2659.733,0,0,1.696,59:00.0,59:00.0,59:00.0
3/15/2024,6,4528275.456,4533259.264,4983.808,4517.296,466.384,0,0.741,0.938,0.003,59:00.0,59:00.0,59:00.0
3/14/2024,6,4523309.568,4528275.456,4965.888,4514.28,451.621,0,0.728,0.949,0,59:00.0,59:00.0,59:00.0
3/13/2024,6,4519356.928,4523309.568,3952.64,3566.632,385.99,0,0.832,0.946,0,59:00.0,58:35.0,59:00.0
3/12/2024,6,4516152.32,4519356.928,3204.608,2918.754,285.763,0,1.134,0.973,0,58:35.0,59:00.0,58:35.0
3/11/2024,6,4513440.768,4516152.32,2711.552,2438.244,273.372,0,0.708,0.971,0,59:00.0,59:00.0,59:00.0
3/10/2024,6,4509265.408,4513440.768,4175.36,0,0,4175.345,0,0.003,1.756,59:00.0,59:00.0,59:00.0
3/9/2024,6,4506769.92,4509265.408,2495.488,0,0,2495.654,0,0,1.78,59:00.0,59:00.0,59:00.0
3/8/2024,6,4502425.6,4506769.92,4344.32,3929.542,414.309,0,0.781,0.955,0.003,59:00.0,59:00.0,59:00.0
3/7/2024,6,4497765.888,4502425.6,4659.712,4235.842,423.978,0,0.768,0.962,0,59:00.0,59:00.0,59:00.0
3/6/2024,6,4493000.192,4497765.888,4765.696,4328.776,436.891,0,0.75,0.98,0,59:00.0,59:00.0,59:00.0
3/5/2024,6,4487959.04,4493000.192,5041.152,4588.344,453.12,0,0.83,0.957,0,59:00.0,59:00.0,59:00.0
3/4/2024,6,4483532.288,4487959.04,4426.752,4073.444,352.974,0,0.726,0.968,0,59:00.0,59:00.0,59:00.0
3/3/2024,6,4479332.352,4483532.288,4199.936,0,0,4200.178,0,0.003,1.686,59:00.0,59:00.0,59:00.0
3/2/2024,6,4475748.864,4479332.352,3583.488,0,0,3583.312,0,0,1.717,59:00.0,59:00.0,59:00.0
3/1/2024,6,4472442.368,4475748.864,3306.496,3075.766,230.623,0,0.75,0.977,0.003,59:00.0,01:00.0,59:00.0
2/29/2024,6,4468328.96,4472442.368,4113.408,3781.632,331.836,0,0.726,0.971,0,57:00.0,59:00.0,57:00.0
2/28/2024,6,4464570.88,4468328.96,3758.08,3422.66,335.82,0,0.725,0.982,0,59:00.0,59:00.0,59:00.0
2/27/2024,6,4461211.136,4464570.88,3359.744,3089.276,270.433,0,0.755,0.984,0,59:00.0,59:00.0,59:00.0
2/26/2024,6,4457789.44,4461211.136,3421.696,3124.612,297.049,0,0.753,0.966,0,59:00.0,59:00.0,59:00.0
2/25/2024,6,4454813.184,4457789.44,2976.256,0,0,2976.18,0,0.003,1.702,59:00.0,59:00.0,59:00.0
2/24/2024,6,4451542.528,4454813.184,3270.656,0,0,3270.798,0,0,1.7,59:00.0,59:00.0,59:00.0
2/23/2024,6,4447694.336,4451542.528,3848.192,3506.788,340.986,0,0.744,0.975,0.003,59:00.0,59:00.0,59:00.0
2/22/2024,6,4443760.128,4447694.336,3934.208,3644.12,290.49,0,0.735,0.983,0,59:00.0,59:00.0,59:00.0
2/21/2024,6,4440079.36,4443760.128,3680.768,3343.592,336.92,0,0.744,0.981,0,59:00.0,59:00.0,59:00.0
2/20/2024,6,4425628.672,4440079.36,14450.688,7243.332,630.997,6576.434,1.495,1.952,2.722,59:00.0,37:00.0,59:00.0
2/17/2024,6,4425628.672,4425628.672,0,0,0,0,0,0,0.27,37:00.0,59:00.0,37:00.0
2/16/2024,6,4421801.984,4425628.672,3826.688,3571.18,255.514,0,0.75,0.99,0.003,59:00.0,59:00.0,59:00.0
2/15/2024,6,4418136.576,4421801.984,3665.408,3408.252,256.899,0,0.747,1.001,0,59:00.0,59:44.0,59:00.0
2/14/2024,6,4414144.512,4418136.576,3992.064,3682.42,309.657,0,0.75,1.01,0,59:44.0,59:45.0,59:44.0
2/13/2024,6,4406023.168,4414144.512,8121.344,7488.26,633.379,0,1.494,1.218,0,58:36.0,47:00.0,58:36.0
2/12/2024,6,4406023.168,4406023.168,0,0,0,0,0,0.769,0,47:00.0,59:00.0,47:00.0
2/11/2024,6,4401935.36,4406023.168,4087.808,0,0,4087.819,0,0.003,1.727,59:00.0,59:00.0,59:00.0
2/10/2024,6,4398364.672,4401935.36,3570.688,0,0,3570.774,0,0,1.787,59:00.0,59:00.0,59:00.0
2/9/2024,6,4394343.424,4398364.672,4021.248,3736.022,285.203,0,0.735,0.987,0.003,59:00.0,59:00.0,59:00.0
2/8/2024,6,4386421.248,4394343.424,7922.176,7398.265,523.918,0,1.787,2.176,0,59:00.0,04:00.0,59:00.0
2/6/2024,6,4382372.864,4386421.248,4048.384,3768.966,279.343,0,0.458,0.787,0,04:00.0,59:00.0,04:00.0
2/5/2024,6,4378210.304,4382372.864,4162.56,3862.281,299.989,0,0.754,0.989,0,59:00.0,59:00.0,59:00.0
2/4/2024,6,4374248.448,4378210.304,3961.856,0,0,3961.905,0,0.003,1.737,59:00.0,59:00.0,59:00.0
2/3/2024,6,4370390.528,4374248.448,3857.92,0,0,3857.878,0,0,1.754,59:00.0,59:00.0,59:00.0
2/2/2024,6,4366731.776,4370390.528,3658.752,3413.698,245.056,0,0.76,0.99,0.003,59:00.0,59:00.0,59:00.0
2/1/2024,6,4363736.064,4366731.776,2995.712,2779.756,216.252,0,0.762,0.988,0,59:00.0,01:00.0,59:00.0
1/31/2024,6,4360162.304,4363736.064,3573.76,3356.544,217.274,0,0.765,1.042,0,57:00.0,59:00.0,57:00.0
1/30/2024,6,4357125.632,4360162.304,3036.672,2762.876,273.608,0,0.783,1.023,0,59:00.0,59:00.0,59:00.0
1/29/2024,6,4353755.136,4357125.632,3370.496,3240.264,130.356,0,0.75,1.066,0,59:00.0,59:00.0,59:00.0
1/28/2024,6,4350749.184,4353755.136,3005.952,0,0,3005.916,0,0.003,1.958,59:00.0,59:00.0,59:00.0
1/27/2024,6,4347194.368,4350749.184,3554.816,0,0,3554.606,0,0,1.794,59:00.0,59:00.0,59:00.0
1/26/2024,6,4343316.48,4347194.368,3877.888,3694.608,183.325,0,0.773,1.11,0.003,59:00.0,59:00.0,59:00.0
1/25/2024,6,4341297.152,4343316.48,2019.328,1983.968,35.521,0,0.764,1.049,0,59:00.0,59:00.0,59:00.0
1/24/2024,6,4338226.176,4341297.152,3070.976,2811.32,259.431,0,0.802,1.047,0,59:00.0,59:00.0,59:00.0
1/23/2024,6,4335860.736,4338226.176,2365.44,2229.44,136.033,0,0.86,1.009,0,59:00.0,59:00.0,59:00.0
1/22/2024,6,4332301.824,4335860.736,3558.912,3328.896,230.211,0,0.773,1.016,0,59:00.0,59:00.0,59:00.0
1/21/2024,6,4328817.664,4332301.824,3484.16,0,0,3484.106,0,0.003,1.792,59:00.0,59:00.0,59:00.0
1/20/2024,6,4325657.6,4328817.664,3160.064,0,0,3159.818,0,0,1.833,59:00.0,59:00.0,59:00.0
1/19/2024,6,4322180.096,4325657.6,3477.504,3220.568,256.993,0,0.761,0.988,0.003,59:00.0,59:00.0,59:00.0
1/18/2024,6,4318443.008,4322180.096,3737.088,3457.148,280.285,0,0.753,1.007,0,59:00.0,59:00.0,59:00.0
1/17/2024,6,4314920.96,4318443.008,3522.048,3262.318,259.716,0,0.785,1.016,0,59:00.0,59:00.0,59:00.0
1/16/2024,6,4311166.464,4314920.96,3754.496,3468.232,286.22,0,0.764,1.009,0,59:00.0,59:00.0,59:00.0
1/15/2024,6,4307359.744,4311166.464,3806.72,3514.952,291.47,0,0.754,0.988,0,59:00.0,59:00.0,59:00.0
1/14/2024,6,4303974.912,4307359.744,3384.832,0,0,3385.159,0,0.003,1.764,59:00.0,59:00.0,59:00.0
1/13/2024,6,4301177.344,4303974.912,2797.568,0,0,2797.339,0,0,1.787,59:00.0,59:00.0,59:00.0
1/12/2024,6,4298273.792,4301177.344,2903.552,2674.43,228.987,0,0.755,1.001,0.003,59:00.0,59:00.0,59:00.0
1/11/2024,6,4295089.664,4298273.792,3184.128,2950.506,233.599,0,0.774,1.015,0,59:00.0,59:00.0,59:00.0
1/10/2024,6,4291717.12,4295089.664,3372.544,3099.862,272.881,0,0.8,0.995,0,59:00.0,59:00.0,59:00.0
1/9/2024,6,4288159.744,4291717.12,3557.376,3284.596,272.931,0,0.778,1.005,0,59:00.0,59:00.0,59:00.0
1/8/2024,6,4284433.92,4288159.744,3725.824,3424.939,300.659,0,0.758,1.012,0,59:00.0,59:00.0,59:00.0
1/7/2024,6,4281449.984,4284433.92,2983.936,0,0,2984.002,0,0.003,1.793,59:00.0,59:00.0,59:00.0
1/6/2024,6,4277695.488,4281449.984,3754.496,0,0,3754.522,0,0,1.815,59:00.0,59:00.0,59:00.0
1/5/2024,6,4274275.584,4277695.488,3419.904,3122.272,297.61,0,0.771,0.981,0.003,59:00.0,59:00.0,59:00.0
1/4/2024,6,4270962.176,4274275.584,3313.408,3313.424,0,0,0.85,0.208,0,59:00.0,38:00.0,59:00.0
1/2/2024,6,4268734.976,4270962.176,2227.2,1923.993,303.171,0,0.006,0.776,0,55:00.0,59:00.0,55:00.0
1/1/2024,6,4266718.208,4268734.976,2016.768,0,0,2016.904,0,0.003,1.797,59:00.0,00:00.0,59:00.0
12/31/2023,6,4264297.984,4266718.208,2420.224,0,0,2420.266,0,0,1.759,57:00.0,59:00.0,57:00.0
12/30/2023,6,4261648.384,4264297.984,2649.6,0,0,2649.416,0,0,1.749,26:00.0,59:00.0,26:00.0
12/29/2023,6,4257910.784,4261648.384,3737.6,3407.936,329.727,0,0.816,1.007,0.003,59:00.0,59:00.0,59:00.0
12/28/2023,6,4253996.032,4257910.784,3914.752,3578.476,336.398,0,0.771,1.002,0,53:00.0,59:00.0,53:00.0
12/27/2023,6,4250106.624,4253996.032,3889.408,3555.98,333.223,0,0.778,0.916,0,24:00.0,59:00.0,24:00.0
12/26/2023,6,4247102.208,4250106.624,3004.416,2830.128,174.339,0,0.79,0.978,0,28:00.0,59:00.0,28:00.0
12/25/2023,6,4243354.368,4247102.208,3747.84,3353.248,394.557,0,0.796,0.962,0,53:00.0,59:00.0,53:00.0
12/24/2023,6,4241015.296,4243354.368,2339.072,0,0,2339.068,0,0,1.842,57:00.0,59:00.0,57:00.0
12/23/2023,6,4237144.32,4241015.296,3870.976,0,0,3871.122,0,0,1.67,57:00.0,59:00.0,57:00.0
12/22/2023,6,4233124.864,4237144.32,4019.456,3653.3,366.066,0,0.76,0.859,0,42:00.0,59:00.0,42:00.0
12/21/2023,6,4229127.936,4233124.864,3996.928,3628.652,368.414,0,0.724,0.811,0,29:00.0,59:00.0,29:00.0
12/20/2023,6,4225222.656,4229127.936,3905.28,3540.448,364.829,0,0.784,1.001,0,59:00.0,59:00.0,59:00.0
12/19/2023,6,4221702.912,4225222.656,3519.744,3157.36,362.227,0,0.78,0.993,0,59:00.0,59:00.0,59:00.0
12/18/2023,6,4217943.04,4221702.912,3759.872,3408.488,351.355,0,0.777,0.986,0,55:00.0,59:00.0,55:00.0
12/17/2023,6,4215157.76,4217943.04,2785.28,0,0,2785.461,0,0,1.694,26:00.0,59:00.0,26:00.0
12/16/2023,6,4212408.832,4215157.76,2748.928,0,0,2748.781,0,0,1.741,45:00.0,59:00.0,45:00.0
12/15/2023,6,4209174.784,4212408.832,3234.048,2893.032,340.995,0,0.831,0.952,0,51:00.0,59:00.0,51:00.0
12/14/2023,6,4206040.832,4209174.784,3133.952,2768.73,365.198,0,0.752,0.965,0,51:00.0,59:00.0,51:00.0
12/13/2023,6,4203140.608,4206040.832,2900.224,2543.578,356.658,0,0.527,0.787,0,24:00.0,59:00.0,24:00.0
12/12/2023,6,4199938.56,4203140.608,3202.048,2840.474,361.536,0,0.804,0.962,0,57:00.0,59:00.0,57:00.0
12/11/2023,6,4196641.024,4199938.56,3297.536,2988.869,308.762,0,0.864,0.121,0,59:00.0,35:00.0,59:00.0
12/9/2023,6,4196640.512,4196640.768,0.256,0,0,0.21,0,0,0.763,42:00.0,59:00.0,42:00.0
12/8/2023,6,4192964.096,4196640.512,3676.416,3291.865,384.611,0,0.803,0.737,0,52:00.0,59:00.0,52:00.0
12/7/2023,6,4189146.368,4192964.096,3817.728,3398.611,419.17,0,0.798,0.96,0,55:00.0,59:00.0,55:00.0
12/6/2023,6,4185528.32,4189146.368,3618.048,3214.448,403.632,0,0.723,0.952,0,59:00.0,59:00.0,59:00.0
12/5/2023,6,4182951.168,4185528.32,2577.152,0,0,2577.004,0,0,1.674,41:00.0,59:00.0,41:00.0
12/4/2023,6,4180332.032,4182951.168,2619.136,2260.517,358.625,0,0.803,0.962,0,57:00.0,59:00.0,57:00.0
12/3/2023,6,4176502.272,4180332.032,3829.76,0,0,3829.719,0,0,1.727,56:00.0,59:00.0,56:00.0
12/2/2023,6,4173037.568,4176502.272,3464.704,0,0,3464.693,0,0,1.73,47:00.0,59:00.0,47:00.0
12/1/2023,6,4169825.536,4173037.568,3212.032,2714.789,497.276,0,0.809,0.954,0.002,59:00.0,01:00.0,59:00.0
11/30/2023,6,4166452.224,4169825.536,3373.312,3020.964,352.489,0,0.814,0.976,0,54:00.0,59:00.0,54:00.0
11/29/2023,6,4163466.752,4166452.224,2985.472,2617.676,367.579,0,0.842,0.939,0,58:00.0,59:00.0,58:00.0
11/28/2023,6,4160115.2,4163466.752,3351.552,2905.48,446.242,0,0.696,0.967,0,58:00.0,59:00.0,58:00.0
11/27/2023,6,4156875.776,4160115.2,3239.424,2937.848,301.468,0,0.808,0.966,0,57:00.0,59:00.0,57:00.0
11/26/2023,6,4153530.88,4156875.776,3344.896,0,0,3344.944,0,0.003,1.794,59:00.0,59:00.0,59:00.0
11/25/2023,6,4149477.632,4153530.88,4053.248,0,0,4053.22,0,0,1.704,30:00.0,59:00.0,30:00.0
11/24/2023,6,4145244.672,4149477.632,4232.96,3737.092,495.959,0,0.812,0.927,0,50:00.0,59:00.0,50:00.0
11/23/2023,6,4141450.24,4145244.672,3794.432,3301.704,492.675,0,0.813,0.931,0,52:00.0,59:00.0,52:00.0
11/22/2023,6,4137313.024,4141450.24,4137.216,3643.68,493.587,0,0.837,0.941,0,58:00.0,59:00.0,58:00.0
11/21/2023,6,4133142.784,4137313.024,4170.24,3683.948,486.232,0,0.818,0.939,0,56:00.0,59:00.0,56:00.0
11/20/2023,6,4128897.792,4133142.784,4244.992,3747.272,497.646,0,0.797,0.941,0,56:00.0,59:00.0,56:00.0
11/19/2023,6,4125781.248,4128897.792,3116.544,0,0,3116.668,0,0,1.713,41:00.0,59:00.0,41:00.0
11/18/2023,6,4121501.952,4125781.248,4279.296,0,0,4279.189,0,0,1.69,30:00.0,59:00.0,30:00.0
11/17/2023,6,4118904.32,4121501.952,2597.632,2197.472,400.21,0,0.704,0.532,0,43:00.0,58:54.0,43:00.0
11/16/2023,6,4115857.664,4118904.32,3046.656,2743.442,303.115,0,0.816,1.01,0,57:16.0,58:42.0,57:16.0
11/15/2023,6,4112222.464,4115857.664,3635.2,3164.834,470.349,0,0.812,0.969,0,58:42.0,59:00.0,58:42.0
11/14/2023,6,4107972.096,4112222.464,4250.368,3682.45,568.123,0,0.823,0.909,0,34:00.0,59:00.0,34:00.0
11/13/2023,6,4104517.12,4107972.096,3454.976,3198.508,256.379,0,0.781,0.922,0,24:00.0,59:00.0,24:00.0
11/12/2023,6,4101088.256,4104517.12,3428.864,0,0,3428.874,0,0.002,1.751,59:00.0,59:00.0,59:00.0
11/11/2023,6,4098601.216,4101088.256,2487.04,0,0,2487.023,0,0,1.712,32:00.0,59:00.0,32:00.0
11/10/2023,6,4096446.976,4098601.216,2154.24,1823.69,330.539,0,0.816,0.912,0,41:00.0,59:00.0,41:00.0
11/9/2023,6,4093764.608,4096446.976,2682.368,2296.892,385.432,0,0.817,0.908,0,49:00.0,59:00.0,49:00.0
11/8/2023,6,4091045.376,4093764.608,2719.232,2316.499,402.825,0,0.796,0.93,0,58:00.0,59:00.0,58:00.0
11/7/2023,6,4088149.76,4091045.376,2895.616,2590.233,305.343,0,0.807,0.899,0,44:00.0,59:00.0,44:00.0
11/6/2023,6,4084266.24,4088149.76,3883.52,3313.574,569.882,0,0.826,0.905,0,51:00.0,59:00.0,51:00.0
11/5/2023,6,4081736.192,4084266.24,2530.048,0,0,2530.159,0,0,1.752,57:00.0,59:00.0,57:00.0
11/4/2023,6,4078207.488,4081736.192,3528.704,0,0,3528.736,0,0,1.756,57:00.0,59:00.0,57:00.0
11/3/2023,6,4074475.008,4078207.488,3732.48,3195.497,536.831,0,0.796,0.894,0,33:00.0,59:00.0,33:00.0
11/2/2023,6,4070476.544,4074475.008,3998.464,3539.321,459.299,0,0.798,0.934,0,59:00.0,59:00.0,59:00.0
11/1/2023,6,4067078.144,4070476.544,3398.4,2885.277,513.042,0,0.781,0.914,0,49:00.0,01:00.0,49:00.0
10/31/2023,6,4063985.152,4067078.144,3092.992,2806.196,286.711,0,0.769,0.941,0,56:00.0,59:00.0,56:00.0
10/30/2023,6,4062188.544,4063985.152,1796.608,1275.068,521.697,0,0.789,0.932,0,59:00.0,59:00.0,59:00.0
10/29/2023,6,4060022.528,4062188.544,2166.016,0,0,2165.974,0,0,1.742,53:00.0,59:00.0,53:00.0
10/28/2023,6,4057640.448,4060022.528,2382.08,0,0,2382.108,0,0,1.725,59:00.0,59:00.0,59:00.0
10/27/2023,6,4055411.2,4057640.448,2229.248,1793.444,435.782,0,0.786,0.899,0.002,59:00.0,59:00.0,59:00.0
10/26/2023,6,4052146.944,4055411.2,3264.256,2725.016,539.278,0,0.766,0.921,0,53:00.0,59:00.0,53:00.0
10/25/2023,6,4048592.128,4052146.944,3554.816,2907.112,647.727,0,0.791,0.939,0,59:00.0,59:00.0,59:00.0
10/24/2023,6,4044367.36,4048592.128,4224.768,3705.724,504.505,14.506,0.818,0.219,0.425,56:00.0,47:45.0,56:00.0
10/23/2023,6,4044367.36,4044367.36,0,0,0,0,0,0,0.27,36:32.0,58:44.0,36:32.0
10/22/2023,6,4039958.272,4044367.36,4409.088,0,0,4409.024,0,0,1.681,41:05.0,58:29.0,41:05.0
10/21/2023,6,4037931.776,4039958.272,2026.496,0,0,2026.642,0,0,0.993,57:05.0,49:03.0,57:05.0
10/20/2023,6,4033632.256,4037931.776,4299.52,3730.068,569.354,0,0.713,0.717,0,47:40.0,58:17.0,47:40.0
10/19/2023,6,4029344.512,4033632.256,4287.744,3805.536,482.245,0,0.828,0.909,0,50:58.0,59:51.0,50:58.0
10/18/2023,6,4024637.44,4029344.512,4707.072,4118.706,588.359,0,0.799,0.935,0,54:16.0,59:00.0,54:16.0
10/17/2023,6,4017723.904,4024637.44,6913.536,6301.28,612.228,0,1.478,1.097,0,55:31.0,34:53.0,55:31.0
10/16/2023,6,4015749.376,4017708.288,1958.912,1542.308,416.655,0,0,0.71,0,33:27.0,58:51.0,33:27.0
10/15/2023,6,4012310.784,4015749.376,3438.592,0,0,3438.433,0,0,1.67,57:32.0,59:27.0,57:32.0
10/14/2023,6,4007719.424,4012310.784,4591.36,0,0,4591.38,0,0,1.69,58:09.0,59:35.0,58:09.0
10/13/2023,6,4004753.408,4007719.424,2966.016,0,0,2965.946,0,0,1.678,58:01.0,58:33.0,58:01.0
10/12/2023,6,4001076.48,4004753.408,3676.928,3362.586,314.378,0,0.759,0.9,0,57:04.0,59:40.0,57:04.0
10/11/2023,6,3998288.64,4001076.48,2787.84,2576.282,211.579,0,0.882,0.931,0,50:16.0,59:56.0,50:16.0
10/10/2023,6,3996214.528,3998288.64,2074.112,1915.574,158.44,0,0.814,1.167,0,58:49.0,58:58.0,58:49.0
10/9/2023,6,3993071.872,3996214.528,3142.656,2895.022,247.829,0,0.75,0.917,0,58:58.0,59:33.0,58:58.0
10/8/2023,6,3989913.344,3993071.872,3158.528,0,0,3158.455,0,0.003,1.658,59:33.0,59:01.0,59:33.0
10/7/2023,6,3986099.968,3989913.344,3813.376,0,0,3813.423,0,0,1.681,47:34.0,59:01.0,47:34.0
10/6/2023,6,3982724.352,3986099.968,3375.616,2917.433,458.059,0,0.751,0.877,0,53:43.0,58:51.0,53:43.0
10/5/2023,6,3979904.256,3982724.352,2820.096,2191.141,629.081,0,0.763,0.898,0,57:31.0,58:44.0,57:31.0
10/4/2023,6,3977543.424,3979904.256,2360.832,2121.251,239.452,0,0.766,0.912,0,57:12.0,58:46.0,57:12.0
10/3/2023,6,3974158.592,3977543.424,3384.832,3076.102,308.787,0,0.757,0.916,0,58:46.0,58:54.0,58:46.0
10/2/2023,6,3970450.176,3974158.592,3708.416,3351.091,357.277,0,0.718,0.91,0,58:54.0,59:57.0,58:54.0
10/1/2023,6,3968373.76,3970450.176,2076.416,0,0,2076.404,0,0,1.64,52:51.0,00:00.0,52:51.0
9/30/2023,6,3964444.928,3968373.76,3928.832,0,0,3928.882,0,0,1.658,57:31.0,59:53.0,57:31.0
9/29/2023,6,3960744.704,3964444.928,3700.224,3231.872,468.356,0,0.752,0.938,0.004,59:53.0,59:50.0,59:53.0
9/28/2023,6,3957085.696,3960744.704,3659.008,3335.284,323.859,0,0.756,0.913,0,56:39.0,58:28.0,56:39.0
9/27/2023,6,3955291.648,3957085.696,1794.048,1787.576,6.303,0,0.749,1.521,0,57:12.0,59:21.0,57:12.0
9/26/2023,6,3953501.44,3955291.648,1790.208,1466.436,323.814,0,0.726,0.917,0,59:21.0,59:09.0,59:21.0
9/25/2023,6,3949684.992,3953501.44,3816.448,3349.904,466.623,0,0.735,0.896,0,59:09.0,59:17.0,59:09.0
9/24/2023,6,3945280,3949684.992,4404.992,0,0,4404.934,0,0.002,1.663,59:17.0,59:02.0,59:17.0
9/23/2023,6,3941652.224,3945280,3627.776,0,0,3627.874,0,0,1.662,59:02.0,59:57.0,59:02.0
9/22/2023,6,3937715.456,3941652.224,3936.768,3551.708,384.881,0,1.137,0.916,0.004,59:57.0,58:49.0,59:57.0
9/21/2023,6,3933399.808,3937715.456,4315.648,3655.216,660.417,0,0.764,0.887,0,58:49.0,59:13.0,58:49.0
9/20/2023,6,3928172.288,3933399.808,5227.52,4565.044,662.589,0,0.75,0.891,0,59:13.0,59:20.0,59:13.0
9/19/2023,6,3923668.992,3928172.288,4503.296,4196.552,306.651,0,0.75,0.931,0,59:20.0,59:37.0,59:20.0
9/18/2023,6,3920294.4,3923668.992,3374.592,3110.708,263.909,0,0.719,0.919,0,59:37.0,59:18.0,59:37.0
9/17/2023,6,3916161.024,3920294.4,4133.376,0,0,4133.412,0,0.002,1.626,59:18.0,59:47.0,59:18.0
9/16/2023,6,3912740.864,3916161.024,3420.16,0,0,3420.066,0,0,1.71,59:47.0,59:29.0,59:47.0
9/15/2023,6,3909786.88,3912740.864,2953.984,2638.164,315.801,0,0.746,0.931,0.003,59:29.0,59:45.0,59:29.0
9/14/2023,6,3906205.184,3909786.88,3581.696,3051.232,530.537,0,0.59,0.905,0,59:45.0,58:44.0,59:45.0
9/13/2023,6,3902639.872,3906205.184,3565.312,3202.156,363.137,0,0.744,0.912,0,58:44.0,59:46.0,58:44.0
9/12/2023,6,3899675.904,3902639.872,2963.968,2654.91,309.123,0,0.756,0.94,0,58:34.0,59:08.0,58:34.0
9/11/2023,6,3895984.896,3899675.904,3691.008,3186.6,504.292,0,0.656,0.885,0,59:08.0,59:42.0,59:08.0
9/10/2023,6,3893592.064,3895984.896,2392.832,0,0,2392.987,0,0.003,1.645,59:42.0,57:58.0,59:42.0
9/9/2023,6,3889109.248,3893592.064,4482.816,0,0,4482.78,0,0,1.605,56:38.0,58:40.0,56:38.0
9/8/2023,6,3885265.664,3889109.248,3843.584,3348.532,495.107,0,0.749,0.91,0.001,58:40.0,58:51.0,58:40.0
9/7/2023,6,3882363.904,3885265.664,2901.76,2523.127,378.504,0,0.726,0.919,0,55:42.0,59:45.0,55:42.0
9/6/2023,6,3879700.224,3882363.904,2663.68,2425.388,238.471,0,0.737,0.977,0,58:19.0,59:57.0,58:19.0
9/5/2023,6,3875877.376,3879700.224,3822.848,3399.107,423.647,0,0.727,0.907,0,58:22.0,59:49.0,58:22.0
9/4/2023,6,3868086.272,3875877.376,7791.104,4221.67,613.43,2956.076,0.718,0.885,1.51,59:49.0,59:59.0,59:49.0
9/3/2023,6,3868086.272,3868086.272,0,0,0,0,0,0,0.104,59:59.0,58:52.0,59:59.0
9/2/2023,6,3864133.12,3868086.272,3953.152,0,0,3953.04,0,0,1.725,58:52.0,59:48.0,58:52.0
9/1/2023,6,3860464.64,3864133.12,3668.48,3259.771,408.633,0,0.717,0.95,0.001,58:40.0,59:23.0,58:40.0
8/31/2023,6,3857004.288,3860464.64,3460.352,3000.072,460.345,0,1.24,0.905,0,56:40.0,59:49.0,56:40.0
8/30/2023,6,3853697.792,3857004.288,3306.496,3118.82,187.812,0,0.706,0.947,0,59:49.0,59:20.0,59:49.0
8/29/2023,6,3849919.488,3853697.792,3778.304,3442.116,336.093,0,0.696,0.921,0,59:20.0,58:49.0,59:20.0
8/28/2023,6,3845992.704,3849919.488,3926.784,3520.124,406.702,0,0.722,0.891,0,57:26.0,59:19.0,57:26.0
8/27/2023,6,3842211.072,3845992.704,3781.632,0,0,3781.476,0,0.003,1.631,59:19.0,59:52.0,59:19.0
8/26/2023,6,3838461.952,3842211.072,3749.12,0,0,3749.344,0,0,1.586,59:52.0,59:57.0,59:52.0
8/25/2023,6,3835021.824,3838461.952,3440.128,2891.12,548.975,0,0.691,0.909,0.001,58:37.0,58:00.0,58:37.0
8/24/2023,6,3829819.136,3835021.824,5202.688,4534.096,668.553,0,0.689,0.891,0,56:44.0,58:44.0,56:44.0
8/23/2023,6,3825876.48,3829819.136,3942.656,3587.024,355.53,0,0.708,0.91,0,58:44.0,58:31.0,58:44.0
8/22/2023,6,3821507.328,3825876.48,4369.152,3725.18,644.167,0,0.7,0.877,0,55:32.0,58:55.0,55:32.0
8/21/2023,6,3818005.504,3821507.328,3501.824,3109.62,392.117,0,1.037,0.886,0,57:32.0,58:53.0,57:32.0
8/20/2023,6,3814603.008,3818005.504,3402.496,0,0,3402.34,0,0.002,1.586,58:53.0,59:27.0,58:53.0
8/19/2023,6,3810383.36,3814603.008,4219.648,0,0,4219.892,0,0,1.562,59:27.0,59:06.0,59:27.0
8/18/2023,6,3806560.512,3810383.36,3822.848,3178.492,644.241,0,0.706,0.893,0.002,59:06.0,59:08.0,59:06.0
8/17/2023,6,3802096.64,3806560.512,4463.872,4033.978,429.964,0,0.681,0.219,0,57:51.0,38:47.0,57:51.0
8/16/2023,6,3798515.968,3802096.64,3580.672,3222.194,358.363,0,0.59,0.702,0,38:47.0,59:21.0,38:47.0
8/15/2023,6,3792164.096,3798515.968,6351.872,5857.77,494.198,0,0.785,0.206,0,59:21.0,50:37.0,59:21.0
8/14/2023,6,3789795.584,3792164.096,2368.512,0,105.601,2262.978,0,0.699,0.848,50:37.0,32:21.0,50:37.0
8/13/2023,6,3787266.56,3789795.584,2529.024,0,0,2528.902,0,0,0.689,32:21.0,58:48.0,32:21.0
8/12/2023,6,3783658.752,3787266.56,3607.808,0,0,3607.817,0,0,1.762,57:32.0,58:50.0,57:32.0
8/11/2023,6,3779419.136,3783658.752,4239.616,3748.428,491.294,0,0.701,0.896,0,57:45.0,59:46.0,57:45.0
8/10/2023,6,3775177.728,3779419.136,4241.408,3743.522,497.738,0,0.751,0.924,0,59:46.0,59:15.0,59:46.0
8/9/2023,6,3770532.864,3775177.728,4644.864,3999.763,645.213,0,0.964,0.921,0,59:15.0,59:16.0,59:15.0
8/8/2023,6,3767133.696,3770532.864,3399.168,2964.865,434.228,0,0.741,0.9,0,59:16.0,59:20.0,59:16.0
8/7/2023,6,3764095.744,3767133.696,3037.952,2660.402,377.453,0,0.662,0.896,0,59:20.0,59:37.0,59:20.0
8/6/2023,6,3760078.336,3764095.744,4017.408,0,0,4017.47,0,0.003,1.819,59:37.0,59:35.0,59:37.0
8/5/2023,6,3755450.112,3760078.336,4628.224,0,0,4628.324,0,0,1.608,59:35.0,59:34.0,59:35.0
8/4/2023,6,3751736.32,3755450.112,3713.792,3310.957,402.691,0,1.559,1.388,0.003,59:34.0,58:23.0,59:34.0
8/3/2023,6,3747708.416,3751736.32,4027.904,3715.209,312.762,0,0.72,0.97,0,58:23.0,59:05.0,58:23.0
8/1/2023,6,3740649.728,3744867.584,4217.856,0,0,4217.761,0,0,1.734,59:21.0,00:32.0,59:21.0
7/31/2023,6,3737186.816,3740649.728,3462.912,3154.368,308.535,0,0.691,0.948,0,57:24.0,59:25.0,57:24.0
7/30/2023,6,3733448.704,3737186.816,3738.112,0,0,3738.1,0,0.003,1.457,59:25.0,59:37.0,59:25.0
7/29/2023,6,3730252.288,3733448.704,3196.416,0,0,3196.426,0,0,1.649,58:29.0,59:13.0,58:29.0
7/28/2023,6,3727004.672,3730252.288,3247.616,0,0,3247.662,0,0,1.573,59:13.0,59:26.0,59:13.0
7/27/2023,6,3722173.184,3727004.672,4831.488,4114.612,716.962,0,0.688,0.874,0.003,59:26.0,59:59.0,59:26.0
7/26/2023,6,3718299.648,3722173.184,3873.536,3408.04,465.384,0,0.694,0.925,0,58:54.0,59:02.0,58:54.0
7/25/2023,6,3714000.384,3718299.648,4299.264,3605.472,693.953,0,0.755,0.88,0,59:02.0,59:48.0,59:02.0
7/24/2023,6,3710071.808,3714000.384,3928.576,3650.552,277.901,0,0.706,0.224,0,59:48.0,55:02.0,59:48.0
7/23/2023,6,3707543.552,3710071.808,2528.256,0,0,2528.218,0,0,1.44,55:02.0,59:41.0,55:02.0
7/22/2023,6,3704314.624,3707543.552,3228.928,0,0,3228.964,0,0,1.657,59:41.0,59:48.0,59:41.0
7/21/2023,6,3701119.744,3704314.624,3194.88,2871.92,323.043,0,0.7,0.911,0.003,59:48.0,59:09.0,59:48.0
7/20/2023,6,3698083.84,3701119.744,3035.904,2662.072,373.875,0,0.704,0.998,0,59:09.0,59:31.0,59:09.0
7/19/2023,6,3694359.04,3698083.84,3724.8,3399.8,324.996,0,0.705,0.897,0,59:31.0,59:10.0,59:31.0
7/18/2023,6,3690545.408,3694359.04,3813.632,3372.472,441.039,0,0.696,0.885,0,59:10.0,59:13.0,59:10.0
7/17/2023,6,3687020.8,3690545.408,3524.608,3269.3,255.214,0,0.703,0.9,0,59:13.0,59:41.0,59:13.0
7/16/2023,6,3683606.016,3687020.8,3414.784,0,0,3414.834,0,0.003,1.582,59:41.0,59:56.0,59:41.0
7/15/2023,6,3679490.56,3683606.016,4115.456,0,0,4115.566,0,0,1.594,59:56.0,58:59.0,59:56.0
7/14/2023,6,3675190.528,3679490.56,4300.032,3849.334,450.698,0,0.671,0.896,0.002,58:59.0,59:36.0,58:59.0
7/13/2023,6,3669965.824,3675190.528,5224.704,4563.584,661.007,0,0.685,0.896,0,59:36.0,59:55.0,59:36.0
7/12/2023,6,3665148.928,3669965.824,4816.896,4376.646,440.43,0,0.681,0.906,0,59:55.0,59:53.0,59:55.0
7/11/2023,6,3661709.824,3665148.928,3439.104,2849.276,589.621,0,0.709,0.893,0,58:43.0,59:45.0,58:43.0
7/10/2023,6,3656934.4,3661709.824,4775.424,4141.32,634.248,0,0.701,0.9,0,59:45.0,59:50.0,59:45.0
7/9/2023,6,3652989.184,3656934.4,3945.216,0,0,3945.057,0,0.001,1.561,58:44.0,59:05.0,58:44.0
7/8/2023,6,3648970.752,3652989.184,4018.432,0,0,4018.648,0,0,1.604,59:05.0,59:26.0,59:05.0
7/7/2023,6,3644097.024,3648970.752,4873.728,4175.442,698.197,0,0.668,0.876,0.003,59:26.0,59:25.0,59:26.0
7/6/2023,6,3638675.968,3644097.024,5421.056,4712.641,708.449,0,0.68,0.924,0,59:25.0,59:26.0,59:25.0
7/5/2023,6,3638665.216,3638675.968,10.752,10.725,0,0,0.672,0.208,0,59:26.0,50:12.0,59:26.0
7/4/2023,6,3636718.848,3638665.216,1946.368,1686.658,259.643,0,0,0.717,0,50:12.0,59:28.0,50:12.0
7/3/2023,6,3632639.744,3636718.848,4079.104,3559.854,519.272,0,0.691,0.887,0,59:28.0,59:24.0,59:28.0
7/1/2023,6,3624439.296,3627486.976,3047.68,0,0,3047.636,0,0,1.601,58:34.0,00:06.0,58:34.0
6/30/2023,6,3619601.664,3624439.296,4837.632,4135.656,702.05,0,0.674,0.87,0,57:16.0,59:44.0,57:16.0
6/29/2023,6,3614879.232,3619601.664,4722.432,4023.624,698.679,0,0.656,0.884,0,59:44.0,59:25.0,59:44.0
6/28/2023,6,3610893.056,3614879.232,3986.176,3602.088,384.249,0,0.689,0.936,0,59:25.0,59:44.0,59:25.0
6/27/2023,6,3586314.24,3610893.056,24578.816,18090.572,1746.941,4741.252,3.377,3.147,2.236,59:44.0,27:30.0,59:44.0
6/20/2023,6,3583969.536,3586314.24,2344.704,1826.76,518.04,0,0,0.682,0,27:30.0,59:38.0,27:30.0
6/19/2023,6,3580421.888,3583969.536,3547.648,3197.008,350.488,0,0.662,0.876,0,59:38.0,59:13.0,59:38.0
6/18/2023,6,3576510.976,3580421.888,3910.912,0,0,3910.924,0,0.002,1.543,59:13.0,59:44.0,59:13.0
6/17/2023,6,3572016.64,3576510.976,4494.336,0,0,4494.412,0,0,1.579,59:44.0,59:48.0,59:44.0
6/16/2023,6,3563486.208,3572016.64,8530.432,7443.452,1086.851,0,1.986,1.961,0.003,59:48.0,39:36.0,59:48.0
6/14/2023,6,3560255.488,3563486.208,3230.72,2917.968,312.838,0,0.006,1.043,0,39:36.0,59:40.0,39:36.0
6/13/2023,6,3556347.904,3560255.488,3907.584,3476.612,430.874,0,0.696,0.906,0,59:40.0,58:54.0,59:40.0
6/12/2023,6,3551812.864,3556347.904,4535.04,4040.778,494.444,0,0.676,0.875,0,58:54.0,59:19.0,58:54.0
6/11/2023,6,3548050.432,3551812.864,3762.432,0,0,3762.429,0,0.002,1.571,59:19.0,59:44.0,59:19.0
6/10/2023,6,3543468.8,3548050.432,4581.632,0,0,4581.544,0,0,1.563,59:44.0,59:03.0,59:44.0
6/9/2023,6,3539457.024,3543468.8,4011.776,3412.714,598.964,0,0.693,0.914,0.002,59:03.0,59:18.0,59:03.0
6/8/2023,6,3535651.072,3539457.024,3805.952,3385.838,420.344,0,0.706,0.866,0,59:18.0,59:20.0,59:18.0
6/7/2023,6,3532122.88,3535651.072,3528.192,2835.391,692.589,0,0.651,0.877,0,59:20.0,59:44.0,59:20.0
6/6/2023,6,3528298.752,3532122.88,3824.128,3332.625,491.568,0,0.714,0.88,0,59:44.0,59:05.0,59:44.0
6/5/2023,6,3523819.52,3528298.752,4479.232,3824.758,654.415,0,0.699,0.862,0,59:05.0,58:55.0,59:05.0
6/4/2023,6,3518627.072,3523819.52,5192.448,0,0,5192.453,0,0.002,1.551,58:55.0,59:20.0,58:55.0
6/3/2023,6,3513098.752,3518627.072,5528.32,0,0,5528.477,0,0,1.577,59:20.0,58:45.0,59:20.0
6/2/2023,6,3507664.384,3513098.752,5434.368,4707.61,726.712,0,0.691,0.872,0.001,58:45.0,59:59.0,58:45.0
6/1/2023,6,3502564.608,3507664.384,5099.776,4351.659,748.063,0,0.621,0.863,0,56:33.0,00:21.0,56:33.0
5/31/2023,6,3497096.192,3502564.608,5468.416,4739.968,728.53,0,0.68,0.865,0,56:44.0,59:58.0,56:44.0
5/30/2023,6,3492318.976,3497096.192,4777.216,4218.824,558.267,0,0.656,0.795,0,46:11.0,58:19.0,46:11.0
5/29/2023,6,3488451.328,3492318.976,3867.648,3624.884,242.722,0,0.693,0.909,0,36:24.0,59:23.0,36:24.0
5/28/2023,6,3485122.56,3488451.328,3328.768,0,0,3328.992,0,0,1.633,55:57.0,59:40.0,55:57.0
5/27/2023,6,3480411.392,3485122.56,4711.168,0,0,4710.968,0,0,1.683,59:40.0,58:36.0,59:40.0
5/26/2023,6,3475082.496,3480411.392,5328.896,4629.388,699.695,0,0.7,0.85,0,57:07.0,58:33.0,57:07.0
5/25/2023,6,3470488.32,3475082.496,4594.176,3928.748,665.359,0,0.69,0.733,0,54:07.0,59:15.0,54:07.0
5/24/2023,6,3465917.952,3470488.32,4570.368,4297.156,273.303,0,0.691,0.018,0,27:37.0,26:29.0,27:37.0
5/23/2023,6,3462735.36,3465917.952,3182.592,3182.456,0,0,0.837,0.081,0,26:29.0,59:42.0,26:29.0
5/22/2023,6,3458368.256,3462735.36,4367.104,3783.956,583.25,0,0.701,0.883,0,54:33.0,58:53.0,54:33.0
5/21/2023,6,3453457.408,3458368.256,4910.848,0,0,4910.714,0,0,1.59,57:25.0,59:17.0,57:25.0
5/20/2023,6,3448480.512,3453457.408,4976.896,0,0,4977.034,0,0,1.631,57:50.0,58:56.0,57:50.0
5/19/2023,6,3443341.824,3448480.512,5138.688,4482.112,656.484,0,0.706,0.906,0.002,58:56.0,59:55.0,58:56.0
5/18/2023,6,3438651.648,3443341.824,4690.176,4006.64,683.437,0,0.716,0.919,0,58:38.0,59:38.0,58:38.0
5/17/2023,6,3433303.808,3438651.648,5347.84,4665.198,682.804,0,0.706,0.908,0,59:38.0,58:35.0,59:38.0
5/16/2023,6,3427986.944,3433303.808,5316.864,4613.372,703.456,0,0.697,0.899,0,58:35.0,59:28.0,58:35.0
5/15/2023,6,3423381.248,3427986.944,4605.696,3947.728,657.953,0,0.69,0.871,0,58:00.0,59:46.0,58:00.0
5/14/2023,6,3418957.312,3423381.248,4423.936,0,0,4423.904,0,0,1.59,54:04.0,58:52.0,54:04.0
5/13/2023,6,3414708.736,3418957.312,4248.576,0,0,4248.658,0,0,1.566,41:02.0,59:27.0,41:02.0
5/12/2023,6,3410901.248,3414708.736,3807.488,3255.982,551.428,0,0.921,0.903,0,51:53.0,58:53.0,51:53.0
5/11/2023,6,3407440.896,3410901.248,3460.352,3328.048,132.201,0,0.691,0.875,0,58:53.0,59:58.0,58:53.0
5/10/2023,6,3403866.368,3407440.896,3574.528,3373.779,200.93,0,0.722,0.916,0,48:22.0,58:49.0,48:22.0
5/9/2023,6,3400060.672,3403866.368,3805.696,3305.476,500.063,0,0.71,0.891,0,58:49.0,59:00.0,58:49.0
5/8/2023,6,3396889.856,3400060.672,3170.816,2640.743,530.05,0,1.958,0.885,0.073,59:00.0,15:44.0,59:00.0
5/7/2023,6,3391622.656,3396889.856,5267.2,0,0,5267.333,0,0,1.56,59:09.0,59:04.0,59:09.0
5/6/2023,6,3386471.68,3391622.656,5150.976,0,0,5150.883,0,0,1.685,59:04.0,59:58.0,59:04.0
5/5/2023,6,3384734.208,3386471.68,1737.472,1737.522,0,0,0.856,0.199,0.034,52:43.0,21:18.0,52:43.0
5/4/2023,6,3381365.504,3384733.44,3367.936,0,0,3367.927,0,0,0.7,11:49.0,58:45.0,11:49.0
5/3/2023,6,3377295.872,3381365.504,4069.632,3447.508,622.02,0,0.702,0.893,0,57:12.0,59:08.0,57:12.0
5/2/2023,6,3374196.224,3377295.872,3099.648,2461.673,638.046,0,0.71,0.887,0,59:08.0,58:39.0,59:08.0
5/1/2023,6,3372094.976,3374196.224,2101.248,0,0,2101.199,0,0,1.554,57:17.0,59:50.0,57:17.0
4/30/2023,6,3368739.84,3372094.976,3355.136,0,0,3355.132,0,0,1.536,52:52.0,58:05.0,52:52.0
4/29/2023,6,3364103.168,3368739.84,4636.672,0,0,4636.848,0,0,2.01,56:42.0,59:45.0,56:42.0
4/28/2023,6,3359460.864,3364103.168,4642.304,4051.596,590.59,0,0.696,0.946,0,58:18.0,59:20.0,58:18.0
4/27/2023,6,3355175.68,3359460.864,4285.184,3688.552,596.773,0,0.712,0.894,0,59:20.0,59:47.0,59:20.0
4/26/2023,6,3351033.6,3355175.68,4142.08,3644.496,497.492,0,0.764,0.876,0,56:48.0,57:06.0,56:48.0
4/25/2023,6,3346070.272,3351033.6,4963.328,4398.92,564.422,0,0.751,0.897,0,57:06.0,58:31.0,57:06.0
4/24/2023,6,3341462.272,3346070.272,4608,4065.884,542.176,0,0.715,0.894,0,58:31.0,59:42.0,58:31.0
4/23/2023,6,3337324.8,3341462.272,4137.472,0,0,4137.516,0,0,1.583,58:00.0,59:43.0,58:00.0
4/22/2023,6,3332687.616,3337324.8,4637.184,0,0,4636.99,0,0,1.624,54:44.0,58:48.0,54:44.0
4/21/2023,6,3328072.448,3332687.616,4615.168,4125.028,490.326,0,0.722,0.898,0.001,58:48.0,59:43.0,58:48.0
4/20/2023,6,3323328,3328072.448,4744.448,4229.792,514.627,0,0.723,0.9,0,59:43.0,59:50.0,59:43.0
4/19/2023,6,3318647.808,3323328,4680.192,4194.66,485.326,0,0.717,0.906,0,56:54.0,58:31.0,56:54.0
4/18/2023,6,3313946.368,3318647.808,4701.44,4165.916,535.733,0,0.769,0.889,0,56:58.0,59:57.0,56:58.0
4/17/2023,6,3312939.52,3313946.368,1006.848,1003.452,0,3.376,0.749,0.206,0,59:57.0,41:33.0,59:57.0
4/16/2023,6,3312037.632,3312939.52,901.888,0,0,901.704,0,0,0.711,41:33.0,58:08.0,41:33.0
4/15/2023,6,3302099.2,3312037.632,9938.432,19.066,0,9919.388,0.667,0.203,4.746,56:59.0,45:42.0,56:59.0
4/12/2023,6,3297466.624,3302099.2,4632.576,4154.524,478.041,0,0.01,0.731,0,45:42.0,59:51.0,45:42.0
4/11/2023,6,3292653.824,3297466.624,4812.8,4291.306,521.546,0,0.719,0.938,0,58:37.0,59:33.0,58:37.0
4/10/2023,6,3287812.096,3292653.824,4841.728,4326.926,514.848,0,0.765,0.918,0,58:11.0,58:44.0,58:11.0
4/9/2023,6,3283481.6,3287812.096,4330.496,0,0,4330.454,0,0.001,1.642,58:44.0,59:29.0,58:44.0
4/8/2023,6,3279472.384,3283481.6,4009.216,0,0,4009.221,0,0,1.645,59:29.0,59:49.0,59:29.0
4/7/2023,6,3276798.208,3279472.384,2674.176,2402.087,272.202,0,0.66,0.927,0,58:30.0,58:45.0,58:30.0
4/6/2023,6,3272347.648,3276798.208,4450.56,0,0,4450.618,0,0.001,1.666,58:45.0,59:06.0,58:45.0
4/5/2023,6,3267724.544,3272347.648,4623.104,4169.564,453.286,0,0.744,0.946,0.002,59:06.0,58:47.0,59:06.0
4/4/2023,6,3263212.8,3267724.544,4511.744,4080.438,431.343,0,0.743,0.915,0,55:38.0,59:01.0,55:38.0
4/3/2023,6,3258810.624,3263212.8,4402.176,3992.761,409.602,0,0.742,0.915,0,59:01.0,58:57.0,59:01.0
4/1/2023,6,3250440.96,3254976.256,4535.296,0,0,4535.478,0,0,1.643,59:37.0,58:51.0,59:37.0
3/31/2023,6,3245929.728,3250440.96,4511.232,4041.656,469.473,0,0.714,0.919,0,57:41.0,59:54.0,57:41.0
3/30/2023,6,3241731.328,3245929.728,4198.4,3953.128,245.346,0,0.716,0.935,0,56:28.0,58:44.0,56:28.0
3/29/2023,6,3237216.512,3241731.328,4514.816,4064.232,450.409,0,0.66,0.928,0,58:44.0,59:32.0,58:44.0
3/28/2023,6,3232563.712,3237216.512,4652.8,4178.848,474.036,0,0.727,0.915,0,55:58.0,59:54.0,55:58.0
3/27/2023,6,3227984.384,3232563.712,4579.328,4132.984,446.31,0,0.721,0.908,0,54:23.0,59:59.0,54:23.0
3/26/2023,6,3223366.144,3227984.384,4618.24,0,0,4618.306,0,0.001,1.608,58:34.0,58:52.0,58:34.0
3/25/2023,6,3218963.712,3223366.144,4402.432,0,0,4402.312,0,0,1.618,58:52.0,59:18.0,58:52.0
3/24/2023,6,3214759.168,3218963.712,4204.544,3830.904,373.607,0,0.705,0.918,0.002,59:18.0,59:30.0,59:18.0
3/23/2023,6,3210369.28,3214759.168,4389.888,3999.468,390.648,0,0.714,0.929,0,59:30.0,59:25.0,59:30.0
3/22/2023,6,3206044.416,3210369.28,4324.864,3915.872,408.864,0,0.72,0.931,0,59:25.0,59:20.0,59:25.0
3/21/2023,6,3201552.64,3206044.416,4491.776,4080.98,410.878,0,0.701,0.939,0,59:20.0,59:21.0,59:20.0
3/20/2023,6,3197028.352,3201552.64,4524.288,4113.256,410.866,0,0.702,0.925,0,59:21.0,59:42.0,59:21.0
3/19/2023,6,3193363.712,3197028.352,3664.64,0,0,3664.658,0,0.002,1.727,59:42.0,59:19.0,59:42.0
3/18/2023,6,3189401.088,3193363.712,3962.624,0,0,3962.714,0,0,1.654,59:19.0,59:24.0,59:19.0
3/17/2023,6,3185538.304,3189401.088,3862.784,3524.84,337.816,0,0.732,0.929,0.002,59:24.0,59:45.0,59:24.0
3/16/2023,6,3181834.496,3185538.304,3703.808,3365.636,338.307,0,0.766,0.943,0,58:34.0,59:48.0,58:34.0
3/15/2023,6,3178175.232,3181834.496,3659.264,3313.214,346.011,0,0.751,0.946,0,59:48.0,59:01.0,59:48.0
3/14/2023,6,3173867.776,3178175.232,4307.456,3937.766,369.7,0,0.733,1.003,0,55:39.0,59:44.0,55:39.0
3/13/2023,6,3171046.656,3173867.776,2821.12,2526.732,294.462,0,0.724,0.947,0,59:44.0,59:27.0,59:44.0
3/12/2023,6,3168146.688,3171046.656,2899.968,0,0,2899.935,0,0.002,1.624,59:27.0,59:17.0,59:27.0
3/11/2023,6,3164846.08,3168146.688,3300.608,0,0,3300.604,0,0,1.668,59:17.0,59:25.0,59:17.0
3/10/2023,6,3160920.576,3164846.08,3925.504,3621.838,303.55,0,0.703,0.955,0.002,59:25.0,59:32.0,59:25.0
3/9/2023,6,3157058.816,3160920.576,3861.76,3561.04,300.918,0,0.728,0.956,0,59:32.0,59:42.0,59:32.0
3/8/2023,6,3153063.424,3157058.816,3995.392,3658.913,336.402,0,0.724,0.961,0,59:42.0,59:10.0,59:42.0
3/7/2023,6,3149157.632,3153063.424,3905.792,3586.247,319.496,0,0.723,0.959,0,59:10.0,59:42.0,59:10.0
3/6/2023,6,3145121.792,3149157.632,4035.84,0,0,4035.942,0,0.001,1.676,58:33.0,58:42.0,58:33.0
3/5/2023,6,3140889.856,3145121.792,4231.936,0,0,4231.979,0,0,1.668,58:42.0,59:18.0,58:42.0
3/4/2023,6,3136542.72,3140889.856,4347.136,0,0,4347.115,0,0,1.672,59:18.0,59:26.0,59:18.0
3/3/2023,6,3132254.208,3136542.72,4288.512,3929.911,358.604,0,0.729,0.951,0.002,59:26.0,59:26.0,59:26.0
3/2/2023,6,3127622.4,3132254.208,4631.808,4247.98,383.832,0,0.72,0.955,0,59:26.0,59:12.0,59:26.0
3/1/2023,6,3123219.968,3127622.4,4402.432,4026.811,375.493,0,0.74,0.991,0,59:12.0,59:20.0,59:12.0
2/28/2023,6,3118655.488,3123219.968,4564.48,4202.712,361.917,0,0.725,0.967,0,57:04.0,59:47.0,57:04.0
2/27/2023,6,3114159.616,3118655.488,4495.872,4135.096,360.653,0,0.711,0.958,0,59:47.0,59:19.0,59:47.0
2/26/2023,6,3109503.232,3114159.616,4656.384,0,0,4656.466,0,0.002,1.68,59:19.0,59:22.0,59:19.0
2/25/2023,6,3105026.048,3109503.232,4477.184,0,0,4477.054,0,0,1.668,59:22.0,59:58.0,59:22.0
2/24/2023,6,3100765.952,3105026.048,4260.096,3942.056,318.055,0,0.72,0.974,0.003,59:58.0,59:26.0,59:58.0
2/23/2023,6,3093970.688,3100765.952,6795.264,6421.4,373.969,0,1.516,1.171,0,59:26.0,20:03.0,59:26.0
2/22/2023,6,3089398.016,3093970.688,4572.672,4217.672,354.891,0,0.716,0.959,0,20:03.0,01:13.0,20:03.0
2/21/2023,6,3085898.24,3089398.016,3499.776,3166.42,333.322,0,0.723,0.968,0,01:13.0,05:06.0,01:13.0
2/20/2023,6,3081795.072,3085898.24,4103.168,1606.596,369.799,2126.852,0,0.759,0.897,05:06.0,05:41.0,05:06.0
2/19/2023,6,3078482.432,3081795.072,3312.64,0,0,3312.747,0,0,1.677,05:41.0,03:23.0,05:41.0
2/18/2023,6,3077093.632,3078482.432,1388.8,0,0,1388.568,0,0,0.82,03:23.0,59:07.0,03:23.0
2/17/2023,6,3074473.728,3077093.632,2619.904,2527.164,92.823,0,1.47,1.254,0.001,59:07.0,49:17.0,59:07.0
2/16/2023,6,3072062.72,3074473.728,2411.008,2135.888,275.185,0,0.006,0.777,0,49:17.0,58:56.0,49:17.0
2/15/2023,6,3067902.976,3072062.72,4159.744,4020.392,139.403,0,1.536,1.235,0,58:56.0,00:07.0,58:56.0
2/14/2023,6,3063771.136,3067902.976,4131.84,3851.904,279.957,0,0.758,0.964,0,00:07.0,59:28.0,00:07.0
2/13/2023,6,3062053.888,3063771.136,1717.248,983.666,322.424,411.164,0,0.759,0.912,59:28.0,33:01.0,59:28.0
2/12/2023,6,3059320.576,3062053.888,2733.312,0,0,2733.089,0,0,0.76,33:01.0,59:07.0,33:01.0
2/11/2023,6,3055300.096,3059320.576,4020.48,0,0,4020.696,0,0,1.738,59:07.0,58:42.0,59:07.0
2/10/2023,6,3051338.24,3055300.096,3961.856,3695.946,265.869,0,0.734,0.978,0.001,58:42.0,59:09.0,58:42.0
2/9/2023,6,3047495.168,3051338.24,3843.072,3571.954,270.967,0,0.741,0.979,0,59:09.0,59:06.0,59:09.0
2/8/2023,6,3043340.544,3047495.168,4154.624,3849.848,304.97,0,0.724,0.979,0,59:06.0,59:50.0,59:06.0
2/7/2023,6,3039806.208,3043340.544,3534.336,3246.49,287.778,0,0.768,0.977,0,59:50.0,59:58.0,59:50.0
2/6/2023,6,3036162.304,3039806.208,3643.904,3361.696,282.288,0,0.754,0.979,0,59:58.0,59:52.0,59:58.0
2/5/2023,6,3033233.92,3036162.304,2928.384,0,0,2928.283,0,0.003,1.968,59:52.0,59:41.0,59:52.0
2/4/2023,6,3031682.304,3033233.92,1551.616,0,0,1551.69,0,0,1.728,59:41.0,59:26.0,59:41.0
2/3/2023,6,3028913.92,3031682.304,2768.384,2692.112,76.155,0,0.75,1.03,0.002,59:26.0,58:50.0,59:26.0
2/2/2023,6,3025423.104,3028913.92,3490.816,3306.835,184.089,0,0.767,0.989,0,58:50.0,59:29.0,58:50.0
2/1/2023,6,3021681.152,3025423.104,3741.952,3467.282,274.501,0,0.761,0.983,0,59:29.0,00:29.0,59:29.0
1/31/2023,6,3017937.664,3021681.152,3743.488,3443.192,300.278,0,0.745,0.967,0,57:16.0,59:04.0,57:16.0
1/30/2023,6,3014443.52,3017937.664,3494.144,3280.74,213.625,0,0.766,0.997,0,59:04.0,59:35.0,59:04.0
1/29/2023,6,3010085.632,3014443.52,4357.888,0,0,4357.714,0,0.002,1.699,59:35.0,59:10.0,59:35.0
1/28/2023,6,3006382.08,3010085.632,3703.552,0,0,3703.514,0,0,1.702,59:10.0,59:18.0,59:10.0
1/27/2023,6,3002488.064,3006382.08,3894.016,3575.76,318.238,0,0.794,0.978,0.002,59:18.0,59:54.0,59:18.0
1/26/2023,6,2998509.824,3002488.064,3978.24,3687.176,291.215,0,0.748,0.975,0,59:54.0,59:45.0,59:54.0
1/25/2023,6,2994323.2,2998509.824,4186.624,3910.652,275.821,0,0.708,0.981,0,59:45.0,58:57.0,59:45.0
1/24/2023,6,2990843.392,2994323.2,3479.808,3168.924,311.111,0,0.743,0.973,0,58:57.0,59:37.0,58:57.0
1/23/2023,6,2986815.232,2990843.392,4028.16,3724.892,303.1,0,0.734,0.996,0,59:37.0,59:08.0,59:37.0
1/22/2023,6,2982879.744,2986815.232,3935.488,0,0,3935.598,0,0.002,1.71,59:08.0,59:18.0,59:08.0
1/21/2023,6,2978765.568,2982879.744,4114.176,0,0,4114.122,0,0,1.722,59:18.0,59:46.0,59:18.0
1/20/2023,6,2974671.872,2978765.568,4093.696,3775.108,318.52,0,0.736,0.991,0.002,59:46.0,59:16.0,59:46.0
1/19/2023,6,2970623.744,2974671.872,4048.128,3701.608,346.549,0,0.753,0.981,0,59:16.0,59:02.0,59:16.0
1/18/2023,6,2966686.464,2970623.744,3937.28,3649.38,287.989,0,0.725,0.989,0,59:02.0,59:33.0,59:02.0
1/17/2023,6,2963303.168,2966686.464,3383.296,3167.198,216.14,0,0.775,0.991,0,59:33.0,59:43.0,59:33.0
1/16/2023,6,2959609.344,2963303.168,3693.824,3383.176,310.621,0,0.749,0.994,0,59:43.0,59:47.0,59:43.0
1/15/2023,6,2955695.872,2959609.344,3913.472,0,0,3913.515,0,0.002,1.724,59:47.0,59:58.0,59:47.0
1/14/2023,6,2951806.464,2955695.872,3889.408,0,0,3889.244,0,0,1.768,59:58.0,59:04.0,59:58.0
1/13/2023,6,2947982.848,2951806.464,3823.616,3536.228,287.362,0,0.733,0.981,0.001,59:04.0,59:26.0,59:04.0
1/12/2023,6,2944294.144,2947982.848,3688.704,3388.462,300.448,0,0.746,0.975,0,59:26.0,59:50.0,59:26.0
1/11/2023,6,2942779.904,2944294.144,1514.24,1361.504,152.695,0,0.849,1.037,0,59:50.0,59:11.0,59:50.0
1/10/2023,6,2940506.112,2942779.904,2273.792,2119.088,154.537,0,0.804,0.984,0,59:11.0,59:11.0,59:11.0
1/9/2023,6,2937355.008,2940506.112,3151.104,2806.46,344.837,0,0.773,0.97,0,59:11.0,58:51.0,59:11.0
1/8/2023,6,2934810.368,2937355.008,2544.64,0,0,2544.589,0,0.001,1.814,58:51.0,59:26.0,58:51.0
1/7/2023,6,2931375.872,2934810.368,3434.496,0,0,3434.552,0,0,1.738,59:26.0,59:25.0,59:26.0
1/6/2023,6,2927558.656,2931375.872,3817.216,3453.387,363.614,0,0.84,0.944,0.002,59:25.0,59:34.0,59:25.0
1/5/2023,6,2923500.032,2927558.656,4058.624,3735.855,322.778,0,0.765,0.982,0,59:34.0,59:07.0,59:34.0
1/4/2023,6,2919817.984,2923500.032,3682.048,3524.521,157.74,0,0.786,0.997,0,59:07.0,59:34.0,59:07.0
1/3/2023,6,2917044.48,2919817.984,2773.504,2415.694,357.583,0,0.768,1.006,0,59:34.0,59:10.0,59:34.0
1/2/2023,6,2914312.704,2917044.48,2731.776,2550.419,181.545,0,0.764,0.986,0,59:10.0,59:45.0,59:10.0
1/1/2023,6,2910200.576,2914312.704,4112.128,0,0,4112.085,0,0.002,1.729,59:45.0,00:22.0,59:45.0
12/31/2022,6,2907748.352,2910200.576,2452.224,0,0,2452.236,0,0,1.761,57:36.0,58:45.0,57:36.0
12/30/2022,6,2903735.04,2907748.352,4013.312,3710.336,302.998,0,0.746,0.987,0.001,58:45.0,59:27.0,58:45.0
12/29/2022,6,2899858.176,2903735.04,3876.864,3513.892,362.83,0,0.779,0.971,0,59:27.0,59:13.0,59:27.0
12/28/2022,6,2896157.952,2899858.176,3700.224,3342.408,357.87,0,0.727,0.986,0,59:13.0,59:12.0,59:13.0
12/27/2022,6,2892237.568,2896157.952,3920.384,3552.716,367.815,0,0.749,0.974,0,59:12.0,59:22.0,59:12.0
12/26/2022,6,2888276.736,2892237.568,3960.832,3651.792,308.821,0,0.762,0.964,0,59:22.0,58:53.0,59:22.0
12/25/2022,6,2884237.568,2888276.736,4039.168,0,0,4039.31,0,0.001,1.741,58:53.0,59:32.0,58:53.0
12/24/2022,6,2880292.096,2884237.568,3945.472,0,0,3945.414,0,0,1.723,59:32.0,58:40.0,59:32.0
12/23/2022,6,2876369.92,2880292.096,3922.176,3564.308,357.946,0,0.767,0.971,0,57:07.0,59:12.0,57:07.0
12/22/2022,6,2872432.384,2876369.92,3937.536,3560.232,377.167,0,0.781,0.958,0,59:12.0,59:09.0,59:12.0
12/21/2022,6,2868372.48,2872432.384,4059.904,3686.208,373.726,0,0.766,0.986,0,59:09.0,58:54.0,59:09.0
12/20/2022,6,2864305.92,2868372.48,4066.56,3663.872,402.612,0,0.766,0.971,0,58:54.0,59:30.0,58:54.0
12/19/2022,6,2860263.168,2864305.92,4042.752,3722.488,320.504,0,0.768,0.971,0,59:30.0,59:11.0,59:30.0
12/18/2022,6,2856152.832,2860263.168,4110.336,0,0,4110.216,0,0.002,1.745,59:11.0,59:35.0,59:11.0
12/17/2022,6,2852902.144,2856152.832,3250.688,0,0,3250.612,0,0,1.747,59:35.0,59:02.0,59:35.0
12/16/2022,6,2848947.968,2852902.144,3954.176,3567.872,386.483,0,0.721,0.965,0.001,59:02.0,59:15.0,59:02.0
12/15/2022,6,2844931.584,2848947.968,4016.384,3618.678,397.561,0,0.781,0.979,0,59:15.0,58:48.0,59:15.0
12/14/2022,6,2840748.544,2844931.584,4183.04,3774.67,408.492,0,0.78,0.974,0,58:48.0,58:43.0,58:48.0
12/13/2022,6,2836566.016,2840748.544,4182.528,3689.12,493.414,0,0.756,0.935,0,58:43.0,59:44.0,58:43.0
12/12/2022,6,2833274.88,2836566.016,3291.136,2885.196,405.763,0,0.811,0.956,0,59:44.0,59:02.0,59:44.0
12/11/2022,6,2829946.368,2833274.88,3328.512,0,0,3328.511,0,0.001,1.749,59:02.0,58:53.0,59:02.0
12/10/2022,6,2825958.912,2829946.368,3987.456,0,0,3987.556,0,0,1.744,58:53.0,59:47.0,58:53.0
12/9/2022,6,2822115.328,2825958.912,3843.584,3442.193,401.455,0,0.8,0.936,0.002,59:47.0,59:51.0,59:47.0
12/8/2022,6,2817927.936,2822115.328,4187.392,3742.317,444.922,0,0.756,0.968,0,59:51.0,59:38.0,59:51.0
12/7/2022,6,2814098.432,2817927.936,3829.504,3314.401,515.1,0,0.782,0.915,0,59:38.0,59:22.0,59:38.0
12/6/2022,6,2811578.624,2814098.432,2519.808,2295.945,224.043,0,0.77,0.972,0,59:22.0,58:47.0,59:22.0
12/5/2022,6,2808500.992,2811578.624,3077.632,0,0,3077.489,0,0,1.753,58:47.0,59:58.0,58:47.0
12/4/2022,6,2804901.12,2808500.992,3599.872,0,0,3599.975,0,0,1.76,59:58.0,59:57.0,59:58.0
12/3/2022,6,2800882.688,2804901.12,4018.432,0,0,4018.298,0,0,1.727,59:57.0,59:50.0,59:57.0
12/2/2022,6,2797512.448,2800882.688,3370.24,3164.605,205.613,0,0.823,0.927,0.002,59:50.0,59:45.0,59:50.0
12/1/2022,6,NULL,2794009.6,NULL,NULL,NULL,NULL,NULL,NULL,NULL,23:39.0,NULL,23:39.0
11/30/2022,6,2791126.016,2794009.6,2883.584,2471.052,412.446,0,0.794,0.772,0,12:34.0,58:55.0,12:34.0
11/29/2022,6,2788528.64,2791126.016,2597.376,2174.164,423.31,0,0.823,0.942,0,58:55.0,59:44.0,58:55.0
11/28/2022,6,2785492.992,2788528.64,3035.648,2642.572,393.125,0,0.788,0.922,0,59:44.0,59:52.0,59:44.0
11/27/2022,6,2782874.368,2785492.992,2618.624,0,0,2618.624,0,0.002,1.704,59:52.0,59:54.0,59:52.0
11/26/2022,6,2779842.304,2782874.368,3032.064,0,0,3031.862,0,0,1.579,59:54.0,59:26.0,59:54.0
11/25/2022,6,2777035.008,2779842.304,2807.296,2332.492,474.986,0,0.862,1.087,0.002,59:26.0,59:18.0,59:26.0
11/24/2022,6,2775057.664,2777035.008,1977.344,1759.58,217.783,0,1.001,0.93,0,59:18.0,59:47.0,59:18.0
11/23/2022,6,2771942.656,2775057.664,3115.008,2668.3,446.473,0,0.784,0.946,0,59:47.0,59:45.0,59:47.0
11/22/2022,6,2768040.448,2771942.656,3902.208,3419.264,483.008,0,1.035,0.95,0,59:45.0,59:30.0,59:45.0
11/21/2022,6,2765604.608,2768040.448,2435.84,2042.84,393.043,0,3.35,0.943,0,59:30.0,58:55.0,59:30.0
11/20/2022,6,2763879.168,2765604.608,1725.44,0,0,1725.42,0,0.001,1.686,58:55.0,59:39.0,58:55.0
11/19/2022,6,2759997.696,2763879.168,3881.472,0,0,3881.435,0,0,1.768,59:39.0,59:08.0,59:39.0
11/18/2022,6,2757398.528,2759997.696,2599.168,2317.364,281.956,0,0.789,0.932,0.001,59:08.0,58:49.0,59:08.0
11/17/2022,6,2753987.84,2757398.528,3410.688,2917.788,492.838,0,0.825,0.943,0,58:49.0,59:09.0,58:49.0
11/16/2022,6,2750231.04,2753987.84,3756.8,3246.144,510.619,0,0.821,0.916,0,59:09.0,58:59.0,59:09.0
11/15/2022,6,2746426.112,2750231.04,3804.928,3265.452,539.369,0,0.795,0.917,0,58:59.0,59:00.0,58:59.0
11/14/2022,6,2744103.68,2746426.112,2322.432,2039.732,282.697,0,0.782,0.951,0,59:00.0,59:25.0,59:00.0
11/13/2022,6,2740401.664,2744103.68,3702.016,0,0,3702.047,0,0.002,1.697,59:25.0,59:15.0,59:25.0
11/12/2022,6,2735659.52,2740401.664,4742.144,879.224,0,3862.97,0.76,0.204,1.674,59:15.0,39:05.0,59:15.0
11/11/2022,6,2732464.64,2735659.52,3194.88,2682.57,512.308,0,0.01,0.728,0,39:05.0,59:16.0,39:05.0
11/10/2022,6,2728163.072,2732464.64,4301.568,3793.902,507.592,0,0.777,0.927,0,59:16.0,59:08.0,59:16.0
11/9/2022,6,2723846.4,2728163.072,4316.672,3816.262,500.58,0,0.826,0.91,0,59:08.0,59:22.0,59:08.0
11/8/2022,6,2720031.744,2723846.4,3814.656,3436.076,378.517,0,0.773,0.911,0,59:22.0,59:08.0,59:22.0
11/7/2022,6,2716071.424,2720031.744,3960.32,3679.781,280.498,0,0.778,0.931,0,59:08.0,59:33.0,59:08.0
11/6/2022,6,2712943.616,2716071.424,3127.808,0,0,3127.731,0,0.002,1.743,59:33.0,59:47.0,59:33.0
11/5/2022,6,2708837.632,2712943.616,4105.984,0,0,4106.152,0,0,1.755,59:47.0,59:22.0,59:47.0
11/4/2022,6,2704267.264,2708837.632,4570.368,3977.276,593.129,0,0.784,0.918,0.002,59:22.0,59:52.0,59:22.0
11/3/2022,6,2699746.56,2704267.264,4520.704,3939.726,580.856,0,0.79,0.916,0,59:52.0,59:11.0,59:52.0
11/2/2022,6,2695216.128,2699746.56,4530.432,3924.776,605.588,0,0.777,0.918,0,59:11.0,59:15.0,59:11.0
11/1/2022,6,2690900.992,2695216.128,4315.136,3829.152,486.2,0,0.785,0.906,0,59:15.0,00:36.0,59:15.0
10/31/2022,6,2686697.984,2690900.992,4203.008,3716.112,486.823,0,0.807,0.906,0,58:27.0,59:57.0,58:27.0
10/30/2022,6,2682305.536,2686697.984,4392.448,0,0,4392.466,0,0.002,1.687,59:57.0,59:59.0,59:57.0
10/29/2022,6,2678153.216,2682305.536,4152.32,0,0,4152.244,0,0,1.73,58:55.0,58:45.0,58:55.0
10/28/2022,6,2674378.752,2678153.216,3774.464,3080.904,693.644,0,0.769,0.907,0,58:45.0,59:43.0,58:45.0
10/27/2022,6,2671616.512,2674378.752,2762.24,2539.584,222.547,0,0.791,0.934,0,59:43.0,59:34.0,59:43.0
10/26/2022,6,2667975.168,2671616.512,3641.344,3018.376,623.099,0,0.791,0.926,0,59:34.0,59:23.0,59:34.0
10/25/2022,6,2663936.256,2667975.168,4038.912,3480.156,558.768,0,0.779,0.911,0,59:23.0,59:41.0,59:23.0
10/24/2022,6,2659473.664,2663936.256,4462.592,3961.468,501.142,0,0.76,0.923,0,59:41.0,59:56.0,59:41.0
10/23/2022,6,2659442.944,2659473.664,30.72,0,0,30.582,0,0.002,1.663,59:56.0,59:42.0,59:56.0
10/22/2022,6,2655280.896,2659442.944,4162.048,0,0,4161.958,0,0,1.68,59:42.0,59:28.0,59:42.0
10/21/2022,6,2653253.12,2655280.896,2027.776,1754.856,272.928,0,0.82,0.902,0.002,59:28.0,59:54.0,59:28.0
10/20/2022,6,2648682.752,2653253.12,4570.368,3977.324,593.193,0,0.771,0.912,0,59:54.0,59:59.0,59:54.0
10/19/2022,6,2643909.888,2648682.752,4772.864,4172.666,600.266,0,0.777,0.921,0,58:44.0,59:52.0,58:44.0
10/18/2022,6,2639152.128,2643909.888,4757.76,4156.402,601.381,0,0.773,0.9,0,59:52.0,59:54.0,59:52.0
10/17/2022,6,2634607.104,2639152.128,4545.024,4120.696,424.117,0,0.756,0.946,0,59:54.0,59:43.0,59:54.0
10/16/2022,6,2633328.896,2634607.104,1278.208,0,0,1278.174,0,0.002,1.783,59:43.0,58:23.0,59:43.0
10/15/2022,6,2631231.488,2633328.896,2097.408,0,0,2097.56,0,0,1.657,58:23.0,59:17.0,58:23.0
10/14/2022,6,2627109.632,2631231.488,4121.856,3706.25,415.447,0,0.777,0.903,0.001,59:17.0,59:58.0,59:17.0
10/13/2022,6,2622321.152,2627109.632,4788.48,0,0,4788.488,0,0,1.708,58:55.0,59:30.0,58:55.0
10/12/2022,6,2617358.336,2622321.152,4962.816,4295.806,667.062,0,0.756,0.914,0.002,59:30.0,59:11.0,59:30.0
10/11/2022,6,2613548.288,2617358.336,3810.048,3514.384,295.654,0,0.768,0.921,0,59:11.0,59:42.0,59:11.0
10/10/2022,6,2610787.84,2613548.288,2760.448,2529.31,231.167,0,0.761,0.913,0,59:42.0,59:16.0,59:42.0
10/9/2022,6,2606441.216,2610787.84,4346.624,0,0,4346.76,0,0.001,1.678,59:16.0,59:40.0,59:16.0
10/8/2022,6,2602445.568,2606441.216,3995.648,0,0,3995.524,0,0,1.725,59:40.0,58:57.0,59:40.0
10/7/2022,6,2599622.912,2602445.568,2822.656,2326.023,496.591,0,0.752,0.925,0,58:57.0,59:26.0,58:57.0
10/6/2022,6,2596770.304,2599622.912,2852.608,2624.032,228.684,0,0.713,0.911,0,59:26.0,59:24.0,59:26.0
10/5/2022,6,2587660.032,2596770.304,9110.272,0,0,0,0,0,0,59:24.0,58:35.0,59:24.0
10/1/2022,6,2587660.032,2591814.4,4154.368,0,0,4154.362,0,0,1.662,59:01.0,00:43.0,59:01.0
9/30/2022,6,2584517.888,2587660.032,3142.144,2795.024,347.007,0,0.75,0.916,0,58:35.0,58:59.0,58:35.0
9/29/2022,6,2583749.632,2584517.888,768.256,745.424,22.762,0,0.731,1.31,0,58:59.0,59:14.0,58:59.0
9/28/2022,6,2582014.208,2583749.632,1735.424,1402.708,332.885,0,0.846,0.897,0,59:14.0,59:03.0,59:14.0
9/27/2022,6,2578251.008,2582014.208,3763.2,3454.916,308.252,0,0.771,1.086,0,59:03.0,59:33.0,59:03.0
9/26/2022,6,2576505.088,2578251.008,1745.92,1497.988,247.786,0,0.755,0.959,0,59:33.0,59:42.0,59:33.0
9/25/2022,6,2574429.44,2576505.088,2075.648,0,0,2075.712,0,0.002,1.505,59:42.0,57:56.0,59:42.0
9/24/2022,6,2571570.688,2574429.44,2858.752,0,0,2858.908,0,0,1.721,57:56.0,59:18.0,57:56.0
9/23/2022,6,2568476.928,2571570.688,3093.76,2753.964,339.686,0,1.138,0.921,0.001,59:18.0,59:38.0,59:18.0
9/22/2022,6,2565392.128,2568476.928,3084.8,2771.88,312.902,0,0.718,0.92,0,59:38.0,59:08.0,59:38.0
9/21/2022,6,2562295.296,2565392.128,3096.832,2767.612,329.327,0,0.736,0.929,0,59:08.0,59:08.0,59:08.0
9/20/2022,6,2558817.536,2562295.296,3477.76,3108.604,369.015,0,0.746,0.976,0,59:08.0,58:57.0,59:08.0
9/19/2022,6,2555274.752,2558817.536,3542.784,3030.756,512.086,0,0.766,0.909,0,58:57.0,59:42.0,58:57.0
9/18/2022,6,2551476.224,2555274.752,3798.528,0,0,3798.516,0,0.002,1.63,59:42.0,58:58.0,59:42.0
9/17/2022,6,2542209.536,2551476.224,9266.688,3926.388,415.221,4924.982,1.476,1.087,1.623,58:58.0,30:24.0,58:58.0
9/15/2022,6,2537434.112,2542209.536,4775.424,4285.5,490.1,0,0,0.695,0,30:24.0,59:32.0,30:24.0
9/14/2022,6,2533669.12,2537434.112,3764.992,3227.966,536.874,0,0.749,0.887,0,59:32.0,59:57.0,59:32.0
9/13/2022,6,2530037.504,2533669.12,3631.616,3279.934,351.741,0,0.73,0.935,0,59:57.0,59:15.0,59:57.0
9/12/2022,6,2525837.824,2530037.504,4199.68,3755.788,443.859,0,0.748,1.001,0,59:15.0,59:31.0,59:15.0
9/11/2022,6,2521969.408,2525837.824,3868.416,0,0,3868.468,0,0.002,1.636,59:31.0,59:58.0,59:31.0
9/10/2022,6,2518341.12,2521969.408,3628.288,0,0,3628.296,0,0,1.691,59:58.0,59:13.0,59:58.0
9/9/2022,6,2514979.84,2518341.12,3361.28,2885.85,475.545,0,0.744,0.916,0.001,59:13.0,59:50.0,59:13.0
9/8/2022,6,2512759.552,2514979.84,2220.288,1855.852,364.34,0,0.777,0.861,0,59:50.0,59:39.0,59:50.0
9/7/2022,6,2509230.08,2512759.552,3529.472,3304.699,224.762,0,0.735,0.948,0,59:39.0,59:28.0,59:39.0
9/6/2022,6,2505852.928,2509230.08,3377.152,2903.835,473.319,0,0.797,0.9,0,59:28.0,59:45.0,59:28.0
9/5/2022,6,2502598.144,2505852.928,3254.784,3011.177,243.561,0,0.725,0.89,0,59:45.0,59:14.0,59:45.0
9/4/2022,6,2498194.432,2502598.144,4403.712,0,0,4403.841,0,0.001,1.671,59:14.0,59:35.0,59:14.0
9/3/2022,6,2493747.2,2498194.432,4447.232,0,0,4447.158,0,0,1.618,59:35.0,59:18.0,59:35.0
9/2/2022,6,2489550.592,2493747.2,4196.608,3613.589,583.026,0,0.825,0.914,0.001,59:18.0,59:21.0,59:18.0
9/1/2022,6,2485186.304,2489550.592,4364.288,4045.322,319.03,0,0.708,0.914,0,59:21.0,00:26.0,59:21.0
8/31/2022,6,2481323.264,2485186.304,3863.04,3358.092,504.988,0,0.721,0.9,0,58:15.0,59:07.0,58:15.0
8/30/2022,6,2477462.528,2481323.264,3860.736,3188.94,671.762,0,0.717,0.896,0,59:07.0,59:02.0,59:07.0
8/29/2022,6,2471888.384,2477462.528,5574.144,2848.844,19.374,2705.874,0.698,1.555,0.872,59:02.0,39:00.0,59:02.0
8/28/2022,6,2422045.952,2471888.384,49842.432,30680.504,4504.37,14657.615,6.566,7.493,5.606,39:00.0,13:00.0,39:00.0
8/16/2022,6,2419522.56,2422045.952,2523.392,2005.748,517.461,0,0.008,0.738,0,13:00.0,59:00.0,13:00.0
8/15/2022,6,2419411.2,2419522.56,111.36,111.366,0,0.093,1.308,0.206,0,59:00.0,59:59.0,59:00.0
8/7/2022,6,2418553.6,2419411.2,857.6,0,0,857.569,0,0,0.689,59:59.0,59:00.0,59:59.0
8/6/2022,6,2414780.416,2418553.6,3773.184,0,0,3773.206,0,0,1.602,59:00.0,59:00.0,59:00.0
8/5/2022,6,2411033.6,2414780.416,3746.816,3474.562,272.259,0,0.705,0.912,0,59:00.0,59:00.0,59:00.0
8/4/2022,6,2406137.344,2411033.6,4896.256,4272.591,623.559,0,0.685,0.896,0,59:00.0,59:00.0,59:00.0
8/3/2022,6,2401895.68,2406137.344,4241.664,3824.263,417.437,0,0.711,0.898,0,59:00.0,59:00.0,59:00.0
8/2/2022,6,2398937.344,2401895.68,2958.336,2378.341,580.116,0,0.685,0.889,0,59:00.0,59:00.0,59:00.0
8/1/2022,6,2394782.208,2398937.344,4155.136,3951.445,203.72,0,0.672,0.936,0,59:00.0,01:00.0,59:00.0
7/31/2022,6,2390802.944,2394782.208,3979.264,0,0,3979.24,0,0,1.581,58:00.0,59:00.0,58:00.0
7/30/2022,6,2386396.928,2390802.944,4406.016,0,0,4405.86,0,0,1.543,59:00.0,59:00.0,59:00.0
7/29/2022,6,2381854.976,2386396.928,4541.952,3964.032,577.943,0,0.682,0.888,0,59:00.0,59:00.0,59:00.0
7/28/2022,6,2378015.488,2381854.976,3839.488,0,0,3839.456,0,0,1.537,59:00.0,59:00.0,59:00.0
7/27/2022,6,2372982.016,2378015.488,5033.472,4530.8,502.839,0,0.887,0.893,0,59:00.0,59:00.0,59:00.0
